-- phpMyAdmin SQL Dump
-- version 3.2.0.1
-- http://www.phpmyadmin.net
--
-- Host: localhost
-- Generation Time: Oct 15, 2012 at 03:03 PM
-- Server version: 5.1.30
-- PHP Version: 5.3.0

SET SQL_MODE="NO_AUTO_VALUE_ON_ZERO";

--
-- Database: `monjeu`
--

-- --------------------------------------------------------

--
-- Table structure for table `alliances`
--

DROP TABLE IF EXISTS `alliances`;
CREATE TABLE IF NOT EXISTS `alliances` (
  `allianceId` bigint(20) unsigned NOT NULL AUTO_INCREMENT,
  `allianceNom` varchar(50) NOT NULL DEFAULT 'ManqueNomAlliance',
  `allianceTag` varchar(10) NOT NULL DEFAULT 'ManqueTagA',
  `allianceDesc` text NOT NULL,
  PRIMARY KEY (`allianceId`)
) ENGINE=MyISAM DEFAULT CHARSET=latin1 AUTO_INCREMENT=1 ;

--
-- Dumping data for table `alliances`
--


-- --------------------------------------------------------

--
-- Table structure for table `arene`
--

DROP TABLE IF EXISTS `arene`;
CREATE TABLE IF NOT EXISTS `arene` (
  `titre` varchar(50) NOT NULL,
  `nb_joueur_min` smallint(1) unsigned NOT NULL DEFAULT '0',
  `nb_joueur_max` smallint(3) unsigned NOT NULL DEFAULT '100',
  `fantassins_min` smallint(4) unsigned NOT NULL DEFAULT '1000',
  `fantassins_max` smallint(5) unsigned NOT NULL DEFAULT '10000',
  `motorise_min` smallint(4) unsigned NOT NULL DEFAULT '1000',
  `motorise_max` smallint(5) unsigned NOT NULL DEFAULT '10000',
  `aerien_min` smallint(3) unsigned NOT NULL DEFAULT '100',
  `aerien_max` smallint(4) unsigned NOT NULL DEFAULT '1000'
) ENGINE=MyISAM DEFAULT CHARSET=latin1 COMMENT='table de configuration de l''arene';

--
-- Dumping data for table `arene`
--


-- --------------------------------------------------------

--
-- Table structure for table `arene_armee`
--

DROP TABLE IF EXISTS `arene_armee`;
CREATE TABLE IF NOT EXISTS `arene_armee` (
  `id` bigint(20) unsigned NOT NULL AUTO_INCREMENT,
  `idjoueur` bigint(20) unsigned NOT NULL DEFAULT '0',
  `nom` varchar(50) DEFAULT NULL,
  `soldat` smallint(5) unsigned NOT NULL DEFAULT '0',
  `tireur` smallint(5) unsigned NOT NULL DEFAULT '0',
  `sapeur` smallint(5) unsigned NOT NULL DEFAULT '0',
  `lanceroquette` smallint(5) unsigned NOT NULL DEFAULT '0',
  `jeep` smallint(4) unsigned NOT NULL DEFAULT '0',
  `tank` smallint(4) unsigned NOT NULL DEFAULT '0',
  `chasseur` smallint(3) unsigned NOT NULL DEFAULT '0',
  `bombardier` smallint(3) unsigned NOT NULL DEFAULT '0',
  PRIMARY KEY (`id`),
  KEY `idjoueur_index` (`idjoueur`)
) ENGINE=InnoDB DEFAULT CHARSET=latin1 COMMENT='table rassemblant les armees des joueurs de l''arene' AUTO_INCREMENT=1 ;

--
-- Dumping data for table `arene_armee`
--


-- --------------------------------------------------------

--
-- Table structure for table `arene_classement`
--

DROP TABLE IF EXISTS `arene_classement`;
CREATE TABLE IF NOT EXISTS `arene_classement` (
  `id` int(11) unsigned NOT NULL AUTO_INCREMENT,
  `idjoueur` bigint(20) unsigned NOT NULL DEFAULT '0',
  `points` bigint(20) unsigned NOT NULL DEFAULT '0',
  `place_precedente` int(10) unsigned NOT NULL DEFAULT '0',
  PRIMARY KEY (`id`),
  KEY `idjoueur_index` (`idjoueur`)
) ENGINE=InnoDB DEFAULT CHARSET=latin1 COMMENT='table du classement des joueurs dans l''arene' AUTO_INCREMENT=1 ;

--
-- Dumping data for table `arene_classement`
--


-- --------------------------------------------------------

--
-- Table structure for table `arene_joueur`
--

DROP TABLE IF EXISTS `arene_joueur`;
CREATE TABLE IF NOT EXISTS `arene_joueur` (
  `id` bigint(20) unsigned NOT NULL AUTO_INCREMENT,
  `idjoueur` bigint(20) unsigned NOT NULL DEFAULT '0',
  `heure_connexion` bigint(20) unsigned NOT NULL DEFAULT '0',
  `heure_der_con` bigint(20) unsigned NOT NULL DEFAULT '0',
  PRIMARY KEY (`id`),
  UNIQUE KEY `idjoueur` (`idjoueur`),
  KEY `idjoueur_index` (`idjoueur`)
) ENGINE=InnoDB DEFAULT CHARSET=latin1 COMMENT='table des joueurs presents dans l''arene' AUTO_INCREMENT=1 ;

--
-- Dumping data for table `arene_joueur`
--


-- --------------------------------------------------------

--
-- Table structure for table `arene_map`
--

DROP TABLE IF EXISTS `arene_map`;
CREATE TABLE IF NOT EXISTS `arene_map` (
  `id` bigint(20) unsigned NOT NULL AUTO_INCREMENT,
  `image` varchar(20) DEFAULT NULL,
  `coord_x` smallint(4) unsigned NOT NULL DEFAULT '0',
  `coord_y` smallint(4) unsigned NOT NULL DEFAULT '0',
  `idterrain` bigint(20) unsigned NOT NULL DEFAULT '0',
  `occupe` enum('0','1') NOT NULL DEFAULT '0',
  PRIMARY KEY (`id`)
) ENGINE=MyISAM DEFAULT CHARSET=latin1 COMMENT='table de stockage des map de l''arene' AUTO_INCREMENT=1 ;

--
-- Dumping data for table `arene_map`
--


-- --------------------------------------------------------

--
-- Table structure for table `arene_news`
--

DROP TABLE IF EXISTS `arene_news`;
CREATE TABLE IF NOT EXISTS `arene_news` (
  `id` bigint(20) unsigned NOT NULL AUTO_INCREMENT,
  `idjoueur` bigint(20) unsigned NOT NULL DEFAULT '0',
  `titre` varchar(50) DEFAULT NULL,
  `contenu` varchar(254) DEFAULT NULL,
  `dateheure` bigint(20) unsigned NOT NULL DEFAULT '0',
  PRIMARY KEY (`id`),
  KEY `idjoueur_index` (`idjoueur`)
) ENGINE=InnoDB DEFAULT CHARSET=latin1 COMMENT='table des news de l''arene' AUTO_INCREMENT=1 ;

--
-- Dumping data for table `arene_news`
--


-- --------------------------------------------------------

--
-- Table structure for table `arene_unites`
--

DROP TABLE IF EXISTS `arene_unites`;
CREATE TABLE IF NOT EXISTS `arene_unites` (
  `id` bigint(20) unsigned NOT NULL AUTO_INCREMENT,
  `idjoueur` bigint(20) unsigned NOT NULL DEFAULT '0',
  `idtype` bigint(20) unsigned NOT NULL DEFAULT '0',
  `nombre` smallint(6) unsigned NOT NULL DEFAULT '0',
  `pos_x` smallint(3) unsigned NOT NULL DEFAULT '0',
  `pos_y` smallint(3) unsigned NOT NULL DEFAULT '0',
  `image` varchar(50) DEFAULT NULL,
  `dir_vision` varchar(2) DEFAULT NULL,
  PRIMARY KEY (`id`),
  KEY `idjoueur_index` (`idjoueur`),
  KEY `idtype_index` (`idtype`)
) ENGINE=InnoDB DEFAULT CHARSET=latin1 COMMENT='table de stokage des unites presentes dans l''arene' AUTO_INCREMENT=1 ;

--
-- Dumping data for table `arene_unites`
--


-- --------------------------------------------------------

--
-- Table structure for table `armees`
--

DROP TABLE IF EXISTS `armees`;
CREATE TABLE IF NOT EXISTS `armees` (
  `id` bigint(20) unsigned NOT NULL AUTO_INCREMENT,
  `nom` varchar(50) NOT NULL,
  `description` text NOT NULL,
  `idmembre` bigint(20) unsigned NOT NULL DEFAULT '0',
  `points` int(5) unsigned NOT NULL DEFAULT '0',
  `date_creation` datetime NOT NULL,
  `date_modification` datetime NOT NULL,
  PRIMARY KEY (`id`)
) ENGINE=InnoDB DEFAULT CHARSET=latin1 AUTO_INCREMENT=1 ;

--
-- Dumping data for table `armees`
--


-- --------------------------------------------------------

--
-- Table structure for table `armee_composition`
--

DROP TABLE IF EXISTS `armee_composition`;
CREATE TABLE IF NOT EXISTS `armee_composition` (
  `id` bigint(20) unsigned NOT NULL AUTO_INCREMENT,
  `idarmee` bigint(20) unsigned NOT NULL,
  `idunitejoueur` bigint(20) unsigned NOT NULL,
  `idhero` bigint(20) unsigned NOT NULL,
  `hero` enum('0','1') NOT NULL DEFAULT '0',
  PRIMARY KEY (`id`)
) ENGINE=InnoDB DEFAULT CHARSET=latin1 AUTO_INCREMENT=1 ;

--
-- Dumping data for table `armee_composition`
--


-- --------------------------------------------------------

--
-- Table structure for table `batiments`
--

DROP TABLE IF EXISTS `batiments`;
CREATE TABLE IF NOT EXISTS `batiments` (
  `batimentId` bigint(20) unsigned NOT NULL AUTO_INCREMENT,
  `batimentNom` varchar(50) NOT NULL DEFAULT 'ManqueNomBatiment',
  `batimentDesc` text NOT NULL,
  `batimentVie` smallint(5) DEFAULT '0',
  `batimentDefense` smallint(5) DEFAULT '0',
  `batimentBouclier` smallint(6) DEFAULT '0',
  `production` int(3) unsigned NOT NULL DEFAULT '0',
  PRIMARY KEY (`batimentId`)
) ENGINE=MyISAM  DEFAULT CHARSET=latin1 AUTO_INCREMENT=5 ;

--
-- Dumping data for table `batiments`
--

INSERT INTO `batiments` (`batimentId`, `batimentNom`, `batimentDesc`, `batimentVie`, `batimentDefense`, `batimentBouclier`, `production`) VALUES
(1, 'immeuble', 'Permet d''obtenir des civils', 0, 0, 0, 0),
(2, 'Academie', 'L''acad?mie est une structure de recherche et de d?veloppement sur l''esprit. Elle forme les ing?nieurs qui b?tiront les structures de votre civilisation aisni que les technologies de l''avenir.', 0, 0, 0, 0),
(3, 'Ferme', 'Les fermes sont la bases de votre d?veloppement. Elles permettent, sans autres maind''oeuvre que les fermier, d''avoir de la nourriture pour votre population civile et militaire.', 0, 0, 0, 50),
(4, 'Aci?rie', 'C''est la principale source de production de metaux. L''aci?rie permet dans un premier temps de d?velopper ses infrastructures, puis les v?hicules terrestres et a?riens. A un haut niveau, elle pourrait, selon les derni?res informations officieuses, agir en r?seau. Mais ceci n''est pas d''actualit?.', 0, 0, 0, 25);

-- --------------------------------------------------------

--
-- Table structure for table `boussole`
--

DROP TABLE IF EXISTS `boussole`;
CREATE TABLE IF NOT EXISTS `boussole` (
  `id` tinyint(2) unsigned NOT NULL AUTO_INCREMENT,
  `orientation` varchar(5) NOT NULL,
  PRIMARY KEY (`id`)
) ENGINE=InnoDB  DEFAULT CHARSET=latin1 AUTO_INCREMENT=9 ;

--
-- Dumping data for table `boussole`
--

INSERT INTO `boussole` (`id`, `orientation`) VALUES
(1, 'N'),
(2, 'NE'),
(3, 'E'),
(4, 'SE'),
(5, 'S'),
(6, 'SO'),
(7, 'O'),
(8, 'NO');

-- --------------------------------------------------------

--
-- Table structure for table `camps`
--

DROP TABLE IF EXISTS `camps`;
CREATE TABLE IF NOT EXISTS `camps` (
  `id` int(11) unsigned NOT NULL AUTO_INCREMENT,
  `nom` varchar(50) NOT NULL DEFAULT '',
  `description` text NOT NULL,
  `attaque` varchar(3) NOT NULL DEFAULT '0',
  `sauvegarde` varchar(3) NOT NULL DEFAULT '0',
  `initiative` varchar(3) NOT NULL DEFAULT '0',
  `toucher` varchar(3) NOT NULL DEFAULT '0',
  PRIMARY KEY (`id`)
) ENGINE=MyISAM  DEFAULT CHARSET=latin1 COMMENT='les diff?rents camp du jeu' AUTO_INCREMENT=8 ;

--
-- Dumping data for table `camps`
--

INSERT INTO `camps` (`id`, `nom`, `description`, `attaque`, `sauvegarde`, `initiative`, `toucher`) VALUES
(1, 'humain', 'Informations concernant les Humains', '0', '0', '0', '0'),
(2, 'Eldars', 'Informations concernant les Eldars', '-1', '0', '0', '1'),
(3, 'Orks', 'Informations concernant les Orks', '1', '0', '1', '-1'),
(4, 'M?cano?des', 'Informations concernant les M?cano?des', '0', '1', '-1', '0'),
(5, 'D?mons', 'Informations concernant les D?mons', '0', '1', '0', '-1'),
(6, 'Tyranides', 'Informations concernant les Tyranides', '0', '-1', '1', '0'),
(7, 'Gretchins', 'les gretchins', '-1', '0', '-1', '0');

-- --------------------------------------------------------

--
-- Table structure for table `carte`
--

DROP TABLE IF EXISTS `carte`;
CREATE TABLE IF NOT EXISTS `carte` (
  `id_carte` int(11) unsigned NOT NULL AUTO_INCREMENT,
  `x` int(11) NOT NULL DEFAULT '0',
  `y` int(11) NOT NULL DEFAULT '0',
  `vision` enum('0','1') NOT NULL DEFAULT '1',
  `terrain` varchar(25) NOT NULL DEFAULT '',
  PRIMARY KEY (`id_carte`)
) ENGINE=MyISAM  DEFAULT CHARSET=latin1 AUTO_INCREMENT=122 ;

--
-- Dumping data for table `carte`
--

INSERT INTO `carte` (`id_carte`, `x`, `y`, `vision`, `terrain`) VALUES
(1, -5, -5, '1', 'herbe'),
(2, -5, -4, '1', 'herbe'),
(3, -5, -3, '1', 'herbe'),
(4, -5, -2, '1', 'herbe'),
(5, -5, -1, '1', 'herbe'),
(6, -5, 0, '1', 'herbe'),
(7, -5, 1, '1', 'herbe'),
(8, -5, 2, '1', 'herbe'),
(9, -5, 3, '1', 'herbe'),
(10, -5, 4, '1', 'herbe'),
(11, -5, 5, '1', 'herbe'),
(12, -4, -5, '1', 'herbe'),
(13, -4, -4, '1', 'herbe'),
(14, -4, -3, '1', 'herbe'),
(15, -4, -2, '1', 'herbe'),
(16, -4, -1, '1', 'herbe'),
(17, -4, 0, '1', 'herbe'),
(18, -4, 1, '1', 'herbe'),
(19, -4, 2, '1', 'herbe'),
(20, -4, 3, '1', 'herbe'),
(21, -4, 4, '1', 'herbe'),
(22, -4, 5, '1', 'herbe'),
(23, -3, -5, '1', 'herbe'),
(24, -3, -4, '1', 'herbe'),
(25, -3, -3, '1', 'herbe'),
(26, -3, -2, '1', 'herbe'),
(27, -3, -1, '1', 'herbe'),
(28, -3, 0, '1', 'herbe'),
(29, -3, 1, '1', 'herbe'),
(30, -3, 2, '1', 'herbe'),
(31, -3, 3, '1', 'herbe'),
(32, -3, 4, '1', 'herbe'),
(33, -3, 5, '1', 'herbe'),
(34, -2, -5, '1', 'herbe'),
(35, -2, -4, '1', 'herbe'),
(36, -2, -3, '1', 'herbe'),
(37, -2, -2, '1', 'herbe'),
(38, -2, -1, '1', 'herbe'),
(39, -2, 0, '1', 'herbe'),
(40, -2, 1, '1', 'herbe'),
(41, -2, 2, '1', 'herbe'),
(42, -2, 3, '1', 'herbe'),
(43, -2, 4, '1', 'herbe'),
(44, -2, 5, '1', 'herbe'),
(45, -1, -5, '1', 'herbe'),
(46, -1, -4, '1', 'herbe'),
(47, -1, -3, '1', 'herbe'),
(48, -1, -2, '1', 'herbe'),
(49, -1, -1, '1', 'herbe'),
(50, -1, 0, '1', 'herbe'),
(51, -1, 1, '1', 'herbe'),
(52, -1, 2, '1', 'herbe'),
(53, -1, 3, '1', 'herbe'),
(54, -1, 4, '1', 'herbe'),
(55, -1, 5, '1', 'herbe'),
(56, 0, -5, '1', 'herbe'),
(57, 0, -4, '1', 'herbe'),
(58, 0, -3, '0', 'herbe'),
(59, 0, -2, '1', 'herbe'),
(60, 0, -1, '1', 'herbe'),
(61, 0, 0, '1', 'herbe'),
(62, 0, 1, '1', 'herbe'),
(63, 0, 2, '1', 'herbe'),
(64, 0, 3, '1', 'herbe'),
(65, 0, 4, '1', 'herbe'),
(66, 0, 5, '1', 'herbe'),
(67, 1, -5, '1', 'herbe'),
(68, 1, -4, '1', 'herbe'),
(69, 1, -3, '1', 'herbe'),
(70, 1, -2, '1', 'herbe'),
(71, 1, -1, '1', 'herbe'),
(72, 1, 0, '1', 'herbe'),
(73, 1, 1, '1', 'herbe'),
(74, 1, 2, '1', 'herbe'),
(75, 1, 3, '1', 'herbe'),
(76, 1, 4, '1', 'herbe'),
(77, 1, 5, '1', 'herbe'),
(78, 2, -5, '1', 'herbe'),
(79, 2, -4, '1', 'herbe'),
(80, 2, -3, '0', 'herbe'),
(81, 2, -2, '1', 'herbe'),
(82, 2, -1, '1', 'herbe'),
(83, 2, 0, '1', 'herbe'),
(84, 2, 1, '1', 'herbe'),
(85, 2, 2, '1', 'herbe'),
(86, 2, 3, '1', 'herbe'),
(87, 2, 4, '1', 'herbe'),
(88, 2, 5, '1', 'herbe'),
(89, 3, -5, '1', 'herbe'),
(90, 3, -4, '1', 'herbe'),
(91, 3, -3, '1', 'herbe'),
(92, 3, -2, '1', 'herbe'),
(93, 3, -1, '1', 'herbe'),
(94, 3, 0, '1', 'herbe'),
(95, 3, 1, '1', 'herbe'),
(96, 3, 2, '1', 'herbe'),
(97, 3, 3, '1', 'herbe'),
(98, 3, 4, '1', 'herbe'),
(99, 3, 5, '1', 'herbe'),
(100, 4, -5, '1', 'herbe'),
(101, 4, -4, '1', 'herbe'),
(102, 4, -3, '1', 'herbe'),
(103, 4, -2, '1', 'herbe'),
(104, 4, -1, '1', 'herbe'),
(105, 4, 0, '1', 'herbe'),
(106, 4, 1, '1', 'herbe'),
(107, 4, 2, '1', 'herbe'),
(108, 4, 3, '1', 'herbe'),
(109, 4, 4, '1', 'herbe'),
(110, 4, 5, '1', 'herbe'),
(111, 5, -5, '1', 'herbe'),
(112, 5, -4, '1', 'herbe'),
(113, 5, -3, '1', 'herbe'),
(114, 5, -2, '1', 'herbe'),
(115, 5, -1, '1', 'herbe'),
(116, 5, 0, '1', 'herbe'),
(117, 5, 1, '1', 'herbe'),
(118, 5, 2, '1', 'herbe'),
(119, 5, 3, '1', 'herbe'),
(120, 5, 4, '1', 'herbe'),
(121, 5, 5, '1', 'herbe');

-- --------------------------------------------------------

--
-- Table structure for table `cartes`
--

DROP TABLE IF EXISTS `cartes`;
CREATE TABLE IF NOT EXISTS `cartes` (
  `id` bigint(20) NOT NULL AUTO_INCREMENT,
  `nom` varchar(50) NOT NULL,
  `idtaille` bigint(20) unsigned NOT NULL DEFAULT '1' COMMENT 'nb cases en X',
  `apercu` varchar(50) NOT NULL COMMENT 'chemin vrs l''appercu',
  PRIMARY KEY (`id`)
) ENGINE=InnoDB  DEFAULT CHARSET=latin1 AUTO_INCREMENT=2 ;

--
-- Dumping data for table `cartes`
--

INSERT INTO `cartes` (`id`, `nom`, `idtaille`, `apercu`) VALUES
(1, 'carte_1', 1, 'cartes/petite_carte.png');

-- --------------------------------------------------------

--
-- Table structure for table `carte_edit`
--

DROP TABLE IF EXISTS `carte_edit`;
CREATE TABLE IF NOT EXISTS `carte_edit` (
  `id` bigint(11) unsigned NOT NULL AUTO_INCREMENT,
  `nom` varchar(255) NOT NULL DEFAULT 'nom manquant',
  `nb_cases_x` bigint(11) unsigned NOT NULL DEFAULT '10',
  `nb_cases_y` bigint(11) unsigned NOT NULL DEFAULT '10',
  PRIMARY KEY (`id`),
  UNIQUE KEY `nom` (`nom`)
) ENGINE=InnoDB  DEFAULT CHARSET=latin1 AUTO_INCREMENT=25 ;

--
-- Dumping data for table `carte_edit`
--

INSERT INTO `carte_edit` (`id`, `nom`, `nb_cases_x`, `nb_cases_y`) VALUES
(17, 'tata', 20, 20),
(24, 'titi', 20, 20);

-- --------------------------------------------------------

--
-- Table structure for table `carte_plateaux`
--

DROP TABLE IF EXISTS `carte_plateaux`;
CREATE TABLE IF NOT EXISTS `carte_plateaux` (
  `id` bigint(20) unsigned NOT NULL AUTO_INCREMENT,
  `idcarte` bigint(20) unsigned NOT NULL DEFAULT '0',
  `nom` varchar(255) NOT NULL DEFAULT 'Nom Manqaunt',
  `x` bigint(20) unsigned NOT NULL DEFAULT '0',
  `y` bigint(20) unsigned NOT NULL DEFAULT '0',
  `nb_cases_x` bigint(20) unsigned NOT NULL DEFAULT '0',
  `nb_cases_y` bigint(20) unsigned NOT NULL DEFAULT '0',
  PRIMARY KEY (`id`)
) ENGINE=InnoDB  DEFAULT CHARSET=latin1 AUTO_INCREMENT=38 ;

--
-- Dumping data for table `carte_plateaux`
--

INSERT INTO `carte_plateaux` (`id`, `idcarte`, `nom`, `x`, `y`, `nb_cases_x`, `nb_cases_y`) VALUES
(34, 17, 'plateau_passerelle', 2, 14, 16, 4),
(37, 17, 'arrimage_vaisseau_18x12', 2, 2, 18, 12);

-- --------------------------------------------------------

--
-- Table structure for table `cases`
--

DROP TABLE IF EXISTS `cases`;
CREATE TABLE IF NOT EXISTS `cases` (
  `id` int(20) unsigned NOT NULL AUTO_INCREMENT,
  `idcarte` bigint(20) unsigned NOT NULL,
  `x` int(11) NOT NULL DEFAULT '0',
  `y` int(11) NOT NULL DEFAULT '0',
  `vision` enum('0','1') NOT NULL DEFAULT '1',
  `idunite` bigint(20) NOT NULL DEFAULT '0',
  `iddecors` bigint(20) NOT NULL DEFAULT '0',
  `etatCase` bigint(11) NOT NULL DEFAULT '0',
  `bloque` tinyint(1) NOT NULL DEFAULT '0' COMMENT 'case bloquee ou non (1 / 0)',
  PRIMARY KEY (`id`),
  UNIQUE KEY `case_carte` (`idcarte`,`x`,`y`)
) ENGINE=InnoDB  DEFAULT CHARSET=latin1 AUTO_INCREMENT=9181 ;

--
-- Dumping data for table `cases`
--

INSERT INTO `cases` (`id`, `idcarte`, `x`, `y`, `vision`, `idunite`, `iddecors`, `etatCase`, `bloque`) VALUES
(1, 1, 1, 1, '0', 0, 0, 0, 0),
(2, 1, 1, 2, '0', 0, 0, 0, 0),
(3, 1, 1, 3, '0', 0, 0, 0, 0),
(4, 1, 1, 4, '0', 0, 0, 0, 0),
(5, 1, 1, 5, '0', 0, 0, 0, 0),
(6, 1, 1, 6, '0', 0, 0, 0, 0),
(7, 1, 1, 7, '0', 0, 0, 0, 0),
(8, 1, 1, 8, '0', 0, 0, 0, 0),
(9, 1, 1, 9, '0', 0, 0, 0, 0),
(10, 1, 1, 10, '0', 0, 0, 0, 0),
(11, 1, 1, 11, '0', 0, 0, 0, 0),
(12, 1, 1, 12, '0', 0, 0, 0, 0),
(13, 1, 1, 13, '0', 0, 0, 0, 0),
(14, 1, 1, 14, '0', 0, 0, 0, 0),
(15, 1, 1, 15, '0', 0, 0, 0, 0),
(16, 1, 1, 16, '0', 0, 0, 0, 0),
(17, 1, 1, 17, '0', 0, 0, 0, 0),
(18, 1, 1, 18, '0', 0, 0, 0, 0),
(19, 1, 1, 19, '0', 0, 0, 0, 0),
(20, 1, 1, 20, '0', 0, 0, 0, 0),
(21, 1, 1, 21, '0', 0, 0, 0, 0),
(22, 1, 1, 22, '0', 0, 0, 0, 0),
(23, 1, 1, 23, '0', 0, 0, 0, 0),
(24, 1, 1, 24, '0', 0, 0, 0, 0),
(25, 1, 1, 25, '0', 0, 0, 0, 0),
(26, 1, 1, 26, '0', 0, 0, 0, 0),
(27, 1, 1, 27, '0', 0, 0, 0, 0),
(28, 1, 1, 28, '0', 0, 0, 0, 0),
(29, 1, 1, 29, '0', 0, 0, 0, 0),
(30, 1, 1, 30, '0', 0, 0, 0, 0),
(31, 1, 1, 31, '0', 0, 0, 0, 0),
(32, 1, 1, 32, '0', 0, 0, 0, 0),
(33, 1, 1, 33, '0', 0, 0, 0, 0),
(34, 1, 1, 34, '0', 0, 0, 0, 0),
(35, 1, 1, 35, '0', 0, 0, 0, 0),
(36, 1, 1, 36, '0', 0, 0, 0, 0),
(37, 1, 1, 37, '0', 0, 0, 0, 0),
(38, 1, 1, 38, '0', 0, 0, 0, 0),
(39, 1, 1, 39, '0', 0, 0, 0, 0),
(40, 1, 1, 40, '0', 0, 0, 0, 0),
(41, 1, 1, 41, '0', 0, 0, 0, 0),
(42, 1, 1, 42, '0', 0, 0, 0, 0),
(43, 1, 1, 43, '0', 0, 0, 0, 0),
(44, 1, 1, 44, '0', 0, 0, 0, 0),
(45, 1, 1, 45, '0', 0, 0, 0, 0),
(46, 1, 1, 46, '0', 0, 44, 0, 0),
(47, 1, 1, 47, '0', 0, 0, 0, 0),
(48, 1, 1, 48, '0', 0, 0, 0, 0),
(49, 1, 1, 49, '0', 0, 0, 0, 0),
(50, 1, 1, 50, '0', 0, 0, 0, 0),
(51, 1, 2, 1, '0', 0, 0, 0, 0),
(52, 1, 2, 2, '0', 0, 0, 1, 0),
(53, 1, 2, 3, '0', 0, 0, 1, 0),
(54, 1, 2, 4, '0', 0, 0, 1, 0),
(55, 1, 2, 5, '0', 0, 0, 1, 0),
(56, 1, 2, 6, '0', 0, 0, 1, 0),
(57, 1, 2, 7, '0', 0, 0, 1, 0),
(58, 1, 2, 8, '0', 0, 0, 1, 0),
(59, 1, 2, 9, '0', 0, 0, 1, 0),
(60, 1, 2, 10, '0', 0, 0, 1, 0),
(61, 1, 2, 11, '0', 0, 0, 1, 0),
(62, 1, 2, 12, '0', 0, 0, 1, 0),
(63, 1, 2, 13, '0', 0, 0, 1, 0),
(64, 1, 2, 14, '0', 0, 0, 1, 0),
(65, 1, 2, 15, '0', 0, 0, 1, 0),
(66, 1, 2, 16, '0', 0, 0, 1, 0),
(67, 1, 2, 17, '0', 0, 0, 1, 0),
(68, 1, 2, 18, '0', 0, 0, 1, 0),
(69, 1, 2, 19, '0', 0, 0, 0, 0),
(70, 1, 2, 20, '0', 0, 0, 0, 0),
(71, 1, 2, 21, '0', 0, 0, 0, 0),
(72, 1, 2, 22, '0', 0, 0, 0, 0),
(73, 1, 2, 23, '0', 0, 0, 0, 0),
(74, 1, 2, 24, '0', 0, 0, 0, 0),
(75, 1, 2, 25, '0', 0, 0, 0, 0),
(76, 1, 2, 26, '0', 0, 0, 0, 0),
(77, 1, 2, 27, '0', 0, 0, 0, 0),
(78, 1, 2, 28, '0', 0, 0, 0, 0),
(79, 1, 2, 29, '0', 0, 0, 0, 0),
(80, 1, 2, 30, '0', 0, 0, 0, 0),
(81, 1, 2, 31, '0', 0, 0, 0, 0),
(82, 1, 2, 32, '0', 0, 0, 0, 0),
(83, 1, 2, 33, '0', 0, 0, 0, 0),
(84, 1, 2, 34, '0', 0, 0, 0, 0),
(85, 1, 2, 35, '0', 0, 0, 0, 0),
(86, 1, 2, 36, '0', 0, 0, 0, 0),
(87, 1, 2, 37, '0', 0, 0, 0, 0),
(88, 1, 2, 38, '0', 0, 0, 0, 0),
(89, 1, 2, 39, '0', 0, 0, 0, 0),
(90, 1, 2, 40, '0', 0, 0, 0, 0),
(91, 1, 2, 41, '0', 0, 0, 0, 0),
(92, 1, 2, 42, '0', 0, 0, 0, 0),
(93, 1, 2, 43, '0', 0, 0, 0, 0),
(94, 1, 2, 44, '0', 0, 0, 0, 0),
(95, 1, 2, 45, '0', 0, 0, 0, 0),
(96, 1, 2, 46, '0', 0, 0, 0, 0),
(97, 1, 2, 47, '0', 0, 0, 0, 0),
(98, 1, 2, 48, '0', 0, 0, 0, 0),
(99, 1, 2, 49, '0', 0, 0, 0, 0),
(100, 1, 2, 50, '0', 0, 0, 0, 0),
(101, 1, 3, 1, '0', 0, 0, 0, 0),
(102, 1, 3, 2, '0', 0, 0, 1, 0),
(103, 1, 3, 3, '0', 0, 0, 1, 0),
(104, 1, 3, 4, '0', 0, 0, 1, 0),
(105, 1, 3, 5, '0', 0, 0, 1, 0),
(106, 1, 3, 6, '0', 0, 0, 1, 0),
(107, 1, 3, 7, '0', 0, 0, 1, 0),
(108, 1, 3, 8, '0', 0, 0, 1, 0),
(109, 1, 3, 9, '0', 0, 0, 1, 0),
(110, 1, 3, 10, '0', 0, 0, 1, 0),
(111, 1, 3, 11, '0', 0, 0, 1, 0),
(112, 1, 3, 12, '0', 0, 0, 1, 0),
(113, 1, 3, 13, '0', 0, 0, 1, 0),
(114, 1, 3, 14, '0', 0, 0, 1, 0),
(115, 1, 3, 15, '0', 0, 0, 1, 0),
(116, 1, 3, 16, '0', 0, 0, 1, 0),
(117, 1, 3, 17, '0', 0, 0, 1, 0),
(118, 1, 3, 18, '0', 0, 0, 1, 0),
(119, 1, 3, 19, '0', 0, 0, 0, 0),
(120, 1, 3, 20, '0', 0, 0, 0, 0),
(121, 1, 3, 21, '0', 0, 0, 0, 0),
(122, 1, 3, 22, '0', 0, 0, 0, 0),
(123, 1, 3, 23, '0', 0, 0, 0, 0),
(124, 1, 3, 24, '0', 0, 0, 0, 0),
(125, 1, 3, 25, '0', 0, 0, 0, 0),
(126, 1, 3, 26, '0', 0, 0, 0, 0),
(127, 1, 3, 27, '0', 0, 0, 0, 0),
(128, 1, 3, 28, '0', 0, 0, 0, 0),
(129, 1, 3, 29, '0', 0, 0, 0, 0),
(130, 1, 3, 30, '0', 0, 0, 0, 0),
(131, 1, 3, 31, '0', 0, 0, 0, 0),
(132, 1, 3, 32, '0', 0, 0, 0, 0),
(133, 1, 3, 33, '0', 0, 0, 0, 0),
(134, 1, 3, 34, '0', 0, 0, 0, 0),
(135, 1, 3, 35, '0', 0, 0, 0, 0),
(136, 1, 3, 36, '0', 0, 0, 0, 0),
(137, 1, 3, 37, '0', 0, 0, 0, 0),
(138, 1, 3, 38, '0', 0, 0, 0, 0),
(139, 1, 3, 39, '0', 0, 0, 0, 0),
(140, 1, 3, 40, '0', 0, 0, 0, 0),
(141, 1, 3, 41, '0', 0, 0, 0, 0),
(142, 1, 3, 42, '0', 0, 0, 0, 0),
(143, 1, 3, 43, '0', 0, 0, 0, 0),
(144, 1, 3, 44, '0', 0, 0, 0, 0),
(145, 1, 3, 45, '0', 0, 0, 0, 0),
(146, 1, 3, 46, '0', 0, 0, 0, 0),
(147, 1, 3, 47, '0', 0, 0, 0, 0),
(148, 1, 3, 48, '0', 0, 0, 0, 0),
(149, 1, 3, 49, '0', 0, 0, 0, 0),
(150, 1, 3, 50, '0', 0, 0, 0, 0),
(151, 1, 4, 1, '0', 0, 0, 0, 0),
(152, 1, 4, 2, '0', 0, 0, 1, 0),
(153, 1, 4, 3, '0', 0, 0, 1, 0),
(154, 1, 4, 4, '0', 0, 0, 1, 0),
(155, 1, 4, 5, '0', 0, 0, 1, 0),
(156, 1, 4, 6, '0', 0, 0, 1, 0),
(157, 1, 4, 7, '0', 0, 0, 1, 0),
(158, 1, 4, 8, '0', 0, 0, 1, 0),
(159, 1, 4, 9, '0', 0, 0, 1, 0),
(160, 1, 4, 10, '0', 0, 0, 1, 0),
(161, 1, 4, 11, '0', 0, 0, 1, 0),
(162, 1, 4, 12, '0', 0, 0, 1, 0),
(163, 1, 4, 13, '0', 0, 0, 1, 0),
(164, 1, 4, 14, '0', 0, 0, 1, 0),
(165, 1, 4, 15, '0', 0, 0, 1, 0),
(166, 1, 4, 16, '0', 0, 0, 1, 0),
(167, 1, 4, 17, '0', 0, 0, 1, 0),
(168, 1, 4, 18, '0', 0, 0, 1, 0),
(169, 1, 4, 19, '0', 0, 0, 0, 0),
(170, 1, 4, 20, '0', 0, 0, 0, 0),
(171, 1, 4, 21, '0', 0, 0, 0, 0),
(172, 1, 4, 22, '0', 0, 0, 0, 0),
(173, 1, 4, 23, '0', 0, 0, 0, 0),
(174, 1, 4, 24, '0', 0, 0, 0, 0),
(175, 1, 4, 25, '0', 0, 0, 0, 0),
(176, 1, 4, 26, '0', 0, 0, 0, 0),
(177, 1, 4, 27, '0', 0, 0, 0, 0),
(178, 1, 4, 28, '0', 0, 0, 0, 0),
(179, 1, 4, 29, '0', 0, 0, 0, 0),
(180, 1, 4, 30, '0', 0, 0, 0, 0),
(181, 1, 4, 31, '0', 0, 0, 0, 0),
(182, 1, 4, 32, '0', 0, 0, 0, 0),
(183, 1, 4, 33, '0', 0, 0, 0, 0),
(184, 1, 4, 34, '0', 0, 0, 0, 0),
(185, 1, 4, 35, '0', 0, 0, 0, 0),
(186, 1, 4, 36, '0', 0, 0, 0, 0),
(187, 1, 4, 37, '0', 0, 0, 0, 0),
(188, 1, 4, 38, '0', 0, 0, 0, 0),
(189, 1, 4, 39, '0', 0, 0, 0, 0),
(190, 1, 4, 40, '0', 0, 0, 0, 0),
(191, 1, 4, 41, '0', 0, 0, 0, 0),
(192, 1, 4, 42, '0', 0, 0, 0, 0),
(193, 1, 4, 43, '0', 0, 0, 0, 0),
(194, 1, 4, 44, '0', 0, 0, 0, 0),
(195, 1, 4, 45, '0', 0, 0, 0, 0),
(196, 1, 4, 46, '0', 0, 0, 0, 0),
(197, 1, 4, 47, '0', 0, 0, 0, 0),
(198, 1, 4, 48, '0', 0, 0, 0, 0),
(199, 1, 4, 49, '0', 0, 0, 0, 0),
(200, 1, 4, 50, '0', 0, 0, 0, 0),
(201, 1, 5, 1, '0', 0, 0, 0, 0),
(202, 1, 5, 2, '0', 0, 0, 1, 0),
(203, 1, 5, 3, '0', 0, 0, 1, 0),
(204, 1, 5, 4, '0', 0, 0, 1, 0),
(205, 1, 5, 5, '0', 0, 0, 1, 0),
(206, 1, 5, 6, '0', 0, 0, 1, 0),
(207, 1, 5, 7, '0', 0, 0, 1, 0),
(208, 1, 5, 8, '0', 0, 0, 1, 0),
(209, 1, 5, 9, '0', 0, 57, 1, 0),
(210, 1, 5, 10, '0', 0, 0, 1, 0),
(211, 1, 5, 11, '0', 0, 0, 1, 0),
(212, 1, 5, 12, '0', 0, 0, 1, 0),
(213, 1, 5, 13, '0', 0, 0, 1, 0),
(214, 1, 5, 14, '0', 0, 0, 1, 0),
(215, 1, 5, 15, '0', 0, 0, 1, 0),
(216, 1, 5, 16, '0', 0, 0, 1, 0),
(217, 1, 5, 17, '0', 0, 0, 1, 0),
(218, 1, 5, 18, '0', 0, 0, 1, 0),
(219, 1, 5, 19, '0', 0, 0, 0, 0),
(220, 1, 5, 20, '0', 0, 0, 0, 0),
(221, 1, 5, 21, '0', 0, 0, 0, 0),
(222, 1, 5, 22, '0', 0, 0, 0, 0),
(223, 1, 5, 23, '0', 0, 0, 0, 0),
(224, 1, 5, 24, '0', 0, 0, 0, 0),
(225, 1, 5, 25, '0', 0, 0, 0, 0),
(226, 1, 5, 26, '0', 0, 0, 0, 0),
(227, 1, 5, 27, '0', 0, 0, 0, 0),
(228, 1, 5, 28, '0', 0, 0, 0, 0),
(229, 1, 5, 29, '0', 0, 0, 0, 0),
(230, 1, 5, 30, '0', 0, 0, 0, 0),
(231, 1, 5, 31, '0', 0, 0, 0, 0),
(232, 1, 5, 32, '0', 0, 0, 0, 0),
(233, 1, 5, 33, '0', 0, 0, 0, 0),
(234, 1, 5, 34, '0', 0, 0, 0, 0),
(235, 1, 5, 35, '0', 0, 0, 0, 0),
(236, 1, 5, 36, '0', 0, 0, 0, 0),
(237, 1, 5, 37, '0', 0, 0, 0, 0),
(238, 1, 5, 38, '0', 0, 0, 0, 0),
(239, 1, 5, 39, '0', 0, 0, 0, 0),
(240, 1, 5, 40, '0', 0, 0, 0, 0),
(241, 1, 5, 41, '0', 0, 0, 0, 0),
(242, 1, 5, 42, '0', 0, 0, 0, 0),
(243, 1, 5, 43, '0', 0, 0, 0, 0),
(244, 1, 5, 44, '0', 0, 0, 0, 0),
(245, 1, 5, 45, '0', 0, 0, 0, 0),
(246, 1, 5, 46, '0', 0, 0, 0, 0),
(247, 1, 5, 47, '0', 0, 0, 0, 0),
(248, 1, 5, 48, '0', 0, 0, 0, 0),
(249, 1, 5, 49, '0', 0, 0, 0, 0),
(250, 1, 5, 50, '0', 0, 0, 0, 0),
(251, 1, 6, 1, '0', 0, 0, 0, 0),
(252, 1, 6, 2, '0', 0, 0, 1, 0),
(253, 1, 6, 3, '0', 0, 0, 1, 0),
(254, 1, 6, 4, '0', 0, 0, 1, 0),
(255, 1, 6, 5, '0', 0, 0, 1, 0),
(256, 1, 6, 6, '0', 0, 60, 1, 0),
(257, 1, 6, 7, '0', 0, 0, 1, 0),
(258, 1, 6, 8, '0', 0, 0, 1, 0),
(259, 1, 6, 9, '0', 0, 0, 1, 0),
(260, 1, 6, 10, '0', 0, 0, 1, 0),
(261, 1, 6, 11, '0', 0, 0, 1, 0),
(262, 1, 6, 12, '0', 0, 0, 1, 0),
(263, 1, 6, 13, '0', 0, 0, 1, 0),
(264, 1, 6, 14, '0', 0, 0, 1, 0),
(265, 1, 6, 15, '0', 0, 0, 1, 0),
(266, 1, 6, 16, '0', 0, 0, 1, 0),
(267, 1, 6, 17, '0', 0, 0, 1, 0),
(268, 1, 6, 18, '0', 0, 0, 1, 0),
(269, 1, 6, 19, '0', 0, 0, 0, 0),
(270, 1, 6, 20, '0', 0, 0, 0, 0),
(271, 1, 6, 21, '0', 0, 0, 0, 0),
(272, 1, 6, 22, '0', 0, 0, 0, 0),
(273, 1, 6, 23, '0', 0, 0, 0, 0),
(274, 1, 6, 24, '0', 0, 0, 0, 0),
(275, 1, 6, 25, '0', 0, 0, 0, 0),
(276, 1, 6, 26, '0', 0, 0, 0, 0),
(277, 1, 6, 27, '0', 0, 0, 0, 0),
(278, 1, 6, 28, '0', 0, 0, 0, 0),
(279, 1, 6, 29, '0', 0, 0, 0, 0),
(280, 1, 6, 30, '0', 0, 0, 0, 0),
(281, 1, 6, 31, '0', 0, 0, 0, 0),
(282, 1, 6, 32, '0', 0, 0, 0, 0),
(283, 1, 6, 33, '0', 0, 0, 0, 0),
(284, 1, 6, 34, '0', 0, 0, 0, 0),
(285, 1, 6, 35, '0', 0, 0, 0, 0),
(286, 1, 6, 36, '0', 0, 0, 0, 0),
(287, 1, 6, 37, '0', 0, 0, 0, 0),
(288, 1, 6, 38, '0', 0, 0, 0, 0),
(289, 1, 6, 39, '0', 0, 0, 0, 0),
(290, 1, 6, 40, '0', 0, 0, 0, 0),
(291, 1, 6, 41, '0', 0, 0, 0, 0),
(292, 1, 6, 42, '0', 0, 0, 0, 0),
(293, 1, 6, 43, '0', 0, 0, 0, 0),
(294, 1, 6, 44, '0', 0, 0, 0, 0),
(295, 1, 6, 45, '0', 0, 0, 0, 0),
(296, 1, 6, 46, '0', 0, 0, 0, 0),
(297, 1, 6, 47, '0', 0, 0, 0, 0),
(298, 1, 6, 48, '0', 0, 0, 0, 0),
(299, 1, 6, 49, '0', 0, 0, 0, 0),
(300, 1, 6, 50, '0', 0, 0, 0, 0),
(301, 1, 7, 1, '0', 0, 0, 0, 0),
(302, 1, 7, 2, '0', 0, 0, 1, 0),
(303, 1, 7, 3, '0', 0, 0, 1, 0),
(304, 1, 7, 4, '0', 0, 0, 1, 0),
(305, 1, 7, 5, '0', 0, 0, 1, 0),
(306, 1, 7, 6, '0', 0, 0, 1, 0),
(307, 1, 7, 7, '0', 0, 0, 1, 0),
(308, 1, 7, 8, '0', 0, 0, 1, 0),
(309, 1, 7, 9, '0', 0, 0, 1, 0),
(310, 1, 7, 10, '0', 0, 0, 1, 0),
(311, 1, 7, 11, '0', 0, 0, 1, 0),
(312, 1, 7, 12, '0', 0, 0, 1, 0),
(313, 1, 7, 13, '0', 0, 0, 1, 0),
(314, 1, 7, 14, '0', 0, 0, 1, 0),
(315, 1, 7, 15, '0', 0, 0, 1, 0),
(316, 1, 7, 16, '0', 0, 0, 1, 0),
(317, 1, 7, 17, '0', 0, 0, 1, 0),
(318, 1, 7, 18, '0', 0, 0, 1, 0),
(319, 1, 7, 19, '0', 0, 0, 0, 0),
(320, 1, 7, 20, '0', 0, 0, 0, 0),
(321, 1, 7, 21, '0', 0, 0, 0, 0),
(322, 1, 7, 22, '0', 0, 0, 0, 0),
(323, 1, 7, 23, '0', 0, 0, 0, 0),
(324, 1, 7, 24, '0', 0, 0, 0, 0),
(325, 1, 7, 25, '0', 0, 0, 0, 0),
(326, 1, 7, 26, '0', 0, 0, 0, 0),
(327, 1, 7, 27, '0', 0, 0, 0, 0),
(328, 1, 7, 28, '0', 0, 0, 0, 0),
(329, 1, 7, 29, '0', 0, 0, 0, 0),
(330, 1, 7, 30, '0', 0, 0, 0, 0),
(331, 1, 7, 31, '0', 0, 0, 0, 0),
(332, 1, 7, 32, '0', 0, 0, 0, 0),
(333, 1, 7, 33, '0', 0, 0, 0, 0),
(334, 1, 7, 34, '0', 0, 0, 0, 0),
(335, 1, 7, 35, '0', 0, 0, 0, 0),
(336, 1, 7, 36, '0', 0, 0, 0, 0),
(337, 1, 7, 37, '0', 0, 0, 0, 0),
(338, 1, 7, 38, '0', 0, 0, 0, 0),
(339, 1, 7, 39, '0', 0, 0, 0, 0),
(340, 1, 7, 40, '0', 0, 0, 0, 0),
(341, 1, 7, 41, '0', 0, 0, 0, 0),
(342, 1, 7, 42, '0', 0, 0, 0, 0),
(343, 1, 7, 43, '0', 0, 0, 0, 0),
(344, 1, 7, 44, '0', 0, 0, 0, 0),
(345, 1, 7, 45, '0', 0, 0, 0, 0),
(346, 1, 7, 46, '0', 0, 0, 0, 0),
(347, 1, 7, 47, '0', 0, 0, 0, 0),
(348, 1, 7, 48, '0', 0, 0, 0, 0),
(349, 1, 7, 49, '0', 0, 0, 0, 0),
(350, 1, 7, 50, '0', 0, 0, 0, 0),
(351, 1, 8, 1, '0', 0, 0, 0, 0),
(352, 1, 8, 2, '0', 0, 0, 1, 0),
(353, 1, 8, 3, '0', 0, 0, 1, 0),
(354, 1, 8, 4, '0', 0, 0, 1, 0),
(355, 1, 8, 5, '0', 0, 0, 1, 0),
(356, 1, 8, 6, '0', 0, 0, 1, 0),
(357, 1, 8, 7, '0', 0, 0, 1, 0),
(358, 1, 8, 8, '0', 0, 0, 1, 0),
(359, 1, 8, 9, '0', 0, 0, 1, 0),
(360, 1, 8, 10, '0', 0, 0, 1, 0),
(361, 1, 8, 11, '0', 0, 0, 1, 0),
(362, 1, 8, 12, '0', 0, 0, 1, 0),
(363, 1, 8, 13, '0', 0, 0, 1, 0),
(364, 1, 8, 14, '0', 0, 0, 1, 0),
(365, 1, 8, 15, '0', 0, 0, 1, 0),
(366, 1, 8, 16, '0', 0, 0, 1, 0),
(367, 1, 8, 17, '0', 0, 0, 1, 0),
(368, 1, 8, 18, '0', 0, 0, 1, 0),
(369, 1, 8, 19, '0', 0, 0, 0, 0),
(370, 1, 8, 20, '0', 0, 0, 0, 0),
(371, 1, 8, 21, '0', 0, 0, 0, 0),
(372, 1, 8, 22, '0', 0, 0, 0, 0),
(373, 1, 8, 23, '0', 0, 0, 0, 0),
(374, 1, 8, 24, '0', 0, 0, 0, 0),
(375, 1, 8, 25, '0', 0, 0, 0, 0),
(376, 1, 8, 26, '0', 0, 0, 0, 0),
(377, 1, 8, 27, '0', 0, 0, 0, 0),
(378, 1, 8, 28, '0', 0, 0, 0, 0),
(379, 1, 8, 29, '0', 0, 0, 0, 0),
(380, 1, 8, 30, '0', 0, 0, 0, 0),
(381, 1, 8, 31, '0', 0, 0, 0, 0),
(382, 1, 8, 32, '0', 0, 0, 0, 0),
(383, 1, 8, 33, '0', 0, 0, 0, 0),
(384, 1, 8, 34, '0', 0, 0, 0, 0),
(385, 1, 8, 35, '0', 0, 0, 0, 0),
(386, 1, 8, 36, '0', 0, 0, 0, 0),
(387, 1, 8, 37, '0', 0, 0, 0, 0),
(388, 1, 8, 38, '0', 0, 0, 0, 0),
(389, 1, 8, 39, '0', 0, 0, 0, 0),
(390, 1, 8, 40, '0', 0, 0, 0, 0),
(391, 1, 8, 41, '0', 0, 0, 0, 0),
(392, 1, 8, 42, '0', 0, 0, 0, 0),
(393, 1, 8, 43, '0', 0, 0, 0, 0),
(394, 1, 8, 44, '0', 0, 0, 0, 0),
(395, 1, 8, 45, '0', 0, 0, 0, 0),
(396, 1, 8, 46, '0', 0, 0, 0, 0),
(397, 1, 8, 47, '0', 0, 0, 0, 0),
(398, 1, 8, 48, '0', 0, 0, 0, 0),
(399, 1, 8, 49, '0', 0, 0, 0, 0),
(400, 1, 8, 50, '0', 0, 0, 0, 0),
(401, 1, 9, 1, '0', 0, 0, 0, 0),
(402, 1, 9, 2, '0', 0, 0, 1, 0),
(403, 1, 9, 3, '0', 0, 0, 1, 0),
(404, 1, 9, 4, '0', 0, 0, 1, 0),
(405, 1, 9, 5, '0', 0, 0, 1, 0),
(406, 1, 9, 6, '0', 0, 61, 1, 0),
(407, 1, 9, 7, '0', 0, 0, 1, 0),
(408, 1, 9, 8, '0', 0, 0, 1, 0),
(409, 1, 9, 9, '0', 0, 2, 1, 0),
(410, 1, 9, 10, '0', 0, 2, 1, 0),
(411, 1, 9, 11, '0', 0, 0, 1, 0),
(412, 1, 9, 12, '0', 0, 0, 1, 0),
(413, 1, 9, 13, '0', 0, 0, 1, 0),
(414, 1, 9, 14, '0', 0, 0, 1, 0),
(415, 1, 9, 15, '0', 0, 0, 1, 0),
(416, 1, 9, 16, '0', 0, 0, 1, 0),
(417, 1, 9, 17, '0', 0, 0, 1, 0),
(418, 1, 9, 18, '0', 0, 0, 1, 0),
(419, 1, 9, 19, '0', 0, 0, 0, 0),
(420, 1, 9, 20, '0', 0, 0, 0, 0),
(421, 1, 9, 21, '0', 0, 0, 0, 0),
(422, 1, 9, 22, '0', 0, 0, 0, 0),
(423, 1, 9, 23, '0', 0, 0, 0, 0),
(424, 1, 9, 24, '0', 0, 0, 0, 0),
(425, 1, 9, 25, '0', 0, 0, 0, 0),
(426, 1, 9, 26, '0', 0, 0, 0, 0),
(427, 1, 9, 27, '0', 0, 0, 0, 0),
(428, 1, 9, 28, '0', 0, 0, 0, 0),
(429, 1, 9, 29, '0', 0, 0, 0, 0),
(430, 1, 9, 30, '0', 0, 0, 0, 0),
(431, 1, 9, 31, '0', 0, 0, 0, 0),
(432, 1, 9, 32, '0', 0, 0, 0, 0),
(433, 1, 9, 33, '0', 0, 0, 0, 0),
(434, 1, 9, 34, '0', 0, 0, 0, 0),
(435, 1, 9, 35, '0', 0, 0, 0, 0),
(436, 1, 9, 36, '0', 0, 0, 0, 0),
(437, 1, 9, 37, '0', 0, 0, 0, 0),
(438, 1, 9, 38, '0', 0, 0, 0, 0),
(439, 1, 9, 39, '0', 0, 0, 0, 0),
(440, 1, 9, 40, '0', 0, 0, 0, 0),
(441, 1, 9, 41, '0', 0, 0, 0, 0),
(442, 1, 9, 42, '0', 0, 0, 0, 0),
(443, 1, 9, 43, '0', 0, 0, 0, 0),
(444, 1, 9, 44, '0', 0, 0, 0, 0),
(445, 1, 9, 45, '0', 0, 0, 0, 0),
(446, 1, 9, 46, '0', 0, 0, 0, 0),
(447, 1, 9, 47, '0', 0, 0, 0, 0),
(448, 1, 9, 48, '0', 0, 0, 0, 0),
(449, 1, 9, 49, '0', 0, 0, 0, 0),
(450, 1, 9, 50, '0', 0, 0, 0, 0),
(451, 1, 10, 1, '0', 0, 0, 0, 0),
(452, 1, 10, 2, '0', 0, 0, 1, 0),
(453, 1, 10, 3, '0', 0, 0, 1, 0),
(454, 1, 10, 4, '0', 0, 0, 1, 0),
(455, 1, 10, 5, '0', 0, 0, 1, 0),
(456, 1, 10, 6, '0', 0, 0, 1, 0),
(457, 1, 10, 7, '0', 0, 0, 1, 0),
(458, 1, 10, 8, '0', 0, 0, 1, 0),
(459, 1, 10, 9, '0', 0, 0, 1, 0),
(460, 1, 10, 10, '0', 0, 0, 1, 0),
(461, 1, 10, 11, '0', 0, 0, 1, 0),
(462, 1, 10, 12, '0', 0, 0, 1, 0),
(463, 1, 10, 13, '0', 0, 0, 1, 0),
(464, 1, 10, 14, '0', 0, 0, 1, 0),
(465, 1, 10, 15, '0', 0, 0, 1, 0),
(466, 1, 10, 16, '0', 0, 0, 1, 0),
(467, 1, 10, 17, '0', 0, 0, 1, 0),
(468, 1, 10, 18, '0', 0, 0, 1, 0),
(469, 1, 10, 19, '0', 0, 0, 0, 0),
(470, 1, 10, 20, '0', 0, 0, 0, 0),
(471, 1, 10, 21, '0', 0, 0, 0, 0),
(472, 1, 10, 22, '0', 0, 0, 0, 0),
(473, 1, 10, 23, '0', 0, 0, 0, 0),
(474, 1, 10, 24, '0', 0, 0, 0, 0),
(475, 1, 10, 25, '0', 0, 0, 0, 0),
(476, 1, 10, 26, '0', 0, 0, 0, 0),
(477, 1, 10, 27, '0', 0, 0, 0, 0),
(478, 1, 10, 28, '0', 0, 0, 0, 0),
(479, 1, 10, 29, '0', 0, 0, 0, 0),
(480, 1, 10, 30, '0', 0, 0, 0, 0),
(481, 1, 10, 31, '0', 0, 0, 0, 0),
(482, 1, 10, 32, '0', 0, 0, 0, 0),
(483, 1, 10, 33, '0', 0, 0, 0, 0),
(484, 1, 10, 34, '0', 0, 0, 0, 0),
(485, 1, 10, 35, '0', 0, 0, 0, 0),
(486, 1, 10, 36, '0', 0, 0, 0, 0),
(487, 1, 10, 37, '0', 0, 0, 0, 0),
(488, 1, 10, 38, '0', 0, 0, 0, 0),
(489, 1, 10, 39, '0', 0, 0, 0, 0),
(490, 1, 10, 40, '0', 0, 0, 0, 0),
(491, 1, 10, 41, '0', 0, 0, 0, 0),
(492, 1, 10, 42, '0', 0, 0, 0, 0),
(493, 1, 10, 43, '0', 0, 0, 0, 0),
(494, 1, 10, 44, '0', 0, 0, 0, 0),
(495, 1, 10, 45, '0', 0, 0, 0, 0),
(496, 1, 10, 46, '0', 0, 0, 0, 0),
(497, 1, 10, 47, '0', 0, 0, 0, 0),
(498, 1, 10, 48, '0', 0, 0, 0, 0),
(499, 1, 10, 49, '0', 0, 0, 0, 0),
(500, 1, 10, 50, '0', 0, 0, 0, 0),
(501, 1, 11, 1, '0', 0, 0, 0, 0),
(502, 1, 11, 2, '0', 0, 0, 1, 0),
(503, 1, 11, 3, '0', 0, 0, 1, 0),
(504, 1, 11, 4, '0', 0, 0, 1, 0),
(505, 1, 11, 5, '0', 0, 0, 1, 0),
(506, 1, 11, 6, '0', 0, 0, 1, 0),
(507, 1, 11, 7, '0', 0, 0, 1, 0),
(508, 1, 11, 8, '0', 0, 0, 1, 0),
(509, 1, 11, 9, '0', 0, 0, 1, 0),
(510, 1, 11, 10, '0', 0, 59, 1, 0),
(511, 1, 11, 11, '0', 0, 0, 1, 0),
(512, 1, 11, 12, '0', 0, 0, 1, 0),
(513, 1, 11, 13, '0', 0, 0, 1, 0),
(514, 1, 11, 14, '0', 0, 0, 1, 0),
(515, 1, 11, 15, '0', 0, 0, 1, 0),
(516, 1, 11, 16, '0', 0, 0, 1, 0),
(517, 1, 11, 17, '0', 0, 0, 1, 0),
(518, 1, 11, 18, '0', 0, 0, 1, 0),
(519, 1, 11, 19, '0', 0, 0, 0, 0),
(520, 1, 11, 20, '0', 0, 0, 0, 0),
(521, 1, 11, 21, '0', 0, 0, 0, 0),
(522, 1, 11, 22, '0', 0, 0, 0, 0),
(523, 1, 11, 23, '0', 0, 0, 0, 0),
(524, 1, 11, 24, '0', 0, 0, 0, 0),
(525, 1, 11, 25, '0', 0, 0, 0, 0),
(526, 1, 11, 26, '0', 0, 0, 0, 0),
(527, 1, 11, 27, '0', 0, 0, 0, 0),
(528, 1, 11, 28, '0', 0, 0, 0, 0),
(529, 1, 11, 29, '0', 0, 0, 0, 0),
(530, 1, 11, 30, '0', 0, 0, 0, 0),
(531, 1, 11, 31, '0', 0, 0, 0, 0),
(532, 1, 11, 32, '0', 0, 0, 0, 0),
(533, 1, 11, 33, '0', 0, 0, 0, 0),
(534, 1, 11, 34, '0', 0, 0, 0, 0),
(535, 1, 11, 35, '0', 0, 0, 0, 0),
(536, 1, 11, 36, '0', 0, 0, 0, 0),
(537, 1, 11, 37, '0', 0, 0, 0, 0),
(538, 1, 11, 38, '0', 0, 0, 0, 0),
(539, 1, 11, 39, '0', 0, 0, 0, 0),
(540, 1, 11, 40, '0', 0, 0, 0, 0),
(541, 1, 11, 41, '0', 0, 0, 0, 0),
(542, 1, 11, 42, '0', 0, 0, 0, 0),
(543, 1, 11, 43, '0', 0, 0, 0, 0),
(544, 1, 11, 44, '0', 0, 0, 0, 0),
(545, 1, 11, 45, '0', 0, 0, 0, 0),
(546, 1, 11, 46, '0', 0, 0, 0, 0),
(547, 1, 11, 47, '0', 0, 0, 0, 0),
(548, 1, 11, 48, '0', 0, 0, 0, 0),
(549, 1, 11, 49, '0', 0, 0, 0, 0),
(550, 1, 11, 50, '0', 0, 0, 0, 0),
(551, 1, 12, 1, '0', 0, 0, 0, 0),
(552, 1, 12, 2, '0', 0, 0, 1, 0),
(553, 1, 12, 3, '0', 0, 0, 1, 0),
(554, 1, 12, 4, '0', 0, 0, 1, 0),
(555, 1, 12, 5, '0', 0, 0, 1, 0),
(556, 1, 12, 6, '0', 0, 0, 1, 0),
(557, 1, 12, 7, '0', 0, 0, 1, 0),
(558, 1, 12, 8, '0', 0, 0, 1, 0),
(559, 1, 12, 9, '0', 0, 0, 1, 0),
(560, 1, 12, 10, '0', 0, 0, 1, 0),
(561, 1, 12, 11, '0', 0, 0, 1, 0),
(562, 1, 12, 12, '0', 0, 0, 1, 0),
(563, 1, 12, 13, '0', 0, 0, 1, 0),
(564, 1, 12, 14, '0', 0, 0, 1, 0),
(565, 1, 12, 15, '0', 0, 0, 1, 0),
(566, 1, 12, 16, '0', 0, 0, 1, 0),
(567, 1, 12, 17, '0', 0, 0, 1, 0),
(568, 1, 12, 18, '0', 0, 0, 1, 0),
(569, 1, 12, 19, '0', 0, 0, 0, 0),
(570, 1, 12, 20, '0', 0, 0, 0, 0),
(571, 1, 12, 21, '0', 0, 0, 0, 0),
(572, 1, 12, 22, '0', 0, 0, 0, 0),
(573, 1, 12, 23, '0', 0, 0, 0, 0),
(574, 1, 12, 24, '0', 0, 0, 0, 0),
(575, 1, 12, 25, '0', 0, 0, 0, 0),
(576, 1, 12, 26, '0', 0, 0, 0, 0),
(577, 1, 12, 27, '0', 0, 0, 0, 0),
(578, 1, 12, 28, '0', 0, 0, 0, 0),
(579, 1, 12, 29, '0', 0, 0, 0, 0),
(580, 1, 12, 30, '0', 0, 0, 0, 0),
(581, 1, 12, 31, '0', 0, 0, 0, 0),
(582, 1, 12, 32, '0', 0, 0, 0, 0),
(583, 1, 12, 33, '0', 0, 0, 0, 0),
(584, 1, 12, 34, '0', 0, 0, 0, 0),
(585, 1, 12, 35, '0', 0, 0, 0, 0),
(586, 1, 12, 36, '0', 0, 0, 0, 0),
(587, 1, 12, 37, '0', 0, 0, 0, 0),
(588, 1, 12, 38, '0', 0, 0, 0, 0),
(589, 1, 12, 39, '0', 0, 0, 0, 0),
(590, 1, 12, 40, '0', 0, 0, 0, 0),
(591, 1, 12, 41, '0', 0, 0, 0, 0),
(592, 1, 12, 42, '0', 0, 0, 0, 0),
(593, 1, 12, 43, '0', 0, 0, 0, 0),
(594, 1, 12, 44, '0', 0, 0, 0, 0),
(595, 1, 12, 45, '0', 0, 0, 0, 0),
(596, 1, 12, 46, '0', 0, 0, 0, 0),
(597, 1, 12, 47, '0', 0, 0, 0, 0),
(598, 1, 12, 48, '0', 0, 0, 0, 0),
(599, 1, 12, 49, '0', 0, 0, 0, 0),
(600, 1, 12, 50, '0', 0, 0, 0, 0),
(601, 1, 13, 1, '0', 0, 0, 0, 0),
(602, 1, 13, 2, '0', 0, 0, 1, 0),
(603, 1, 13, 3, '0', 0, 11, 1, 0),
(604, 1, 13, 4, '0', 0, 7, 1, 0),
(605, 1, 13, 5, '0', 0, 8, 1, 0),
(606, 1, 13, 6, '0', 0, 0, 1, 0),
(607, 1, 13, 7, '0', 0, 0, 1, 0),
(608, 1, 13, 8, '0', 0, 0, 1, 0),
(609, 1, 13, 9, '0', 0, 0, 1, 0),
(610, 1, 13, 10, '0', 0, 0, 1, 0),
(611, 1, 13, 11, '0', 0, 0, 1, 0),
(612, 1, 13, 12, '0', 0, 4, 1, 0),
(613, 1, 13, 13, '0', 0, 4, 1, 0),
(614, 1, 13, 14, '0', 0, 0, 1, 0),
(615, 1, 13, 15, '0', 0, 0, 1, 0),
(616, 1, 13, 16, '0', 0, 0, 1, 0),
(617, 1, 13, 17, '0', 0, 0, 1, 0),
(618, 1, 13, 18, '0', 0, 0, 1, 0),
(619, 1, 13, 19, '0', 0, 0, 0, 0),
(620, 1, 13, 20, '0', 0, 0, 0, 0),
(621, 1, 13, 21, '0', 0, 0, 0, 0),
(622, 1, 13, 22, '0', 0, 0, 0, 0),
(623, 1, 13, 23, '0', 0, 0, 0, 0),
(624, 1, 13, 24, '0', 0, 0, 0, 0),
(625, 1, 13, 25, '0', 0, 0, 0, 0),
(626, 1, 13, 26, '0', 0, 0, 0, 0),
(627, 1, 13, 27, '0', 0, 0, 0, 0),
(628, 1, 13, 28, '0', 0, 0, 0, 0),
(629, 1, 13, 29, '0', 0, 0, 0, 0),
(630, 1, 13, 30, '0', 0, 0, 0, 0),
(631, 1, 13, 31, '0', 0, 0, 0, 0),
(632, 1, 13, 32, '0', 0, 0, 0, 0),
(633, 1, 13, 33, '0', 0, 0, 0, 0),
(634, 1, 13, 34, '0', 0, 0, 0, 0),
(635, 1, 13, 35, '0', 0, 0, 0, 0),
(636, 1, 13, 36, '0', 0, 0, 0, 0),
(637, 1, 13, 37, '0', 0, 0, 0, 0),
(638, 1, 13, 38, '0', 0, 0, 0, 0),
(639, 1, 13, 39, '0', 0, 0, 0, 0),
(640, 1, 13, 40, '0', 0, 0, 0, 0),
(641, 1, 13, 41, '0', 0, 0, 0, 0),
(642, 1, 13, 42, '0', 0, 0, 0, 0),
(643, 1, 13, 43, '0', 0, 0, 0, 0),
(644, 1, 13, 44, '0', 0, 0, 0, 0),
(645, 1, 13, 45, '0', 0, 0, 0, 0),
(646, 1, 13, 46, '0', 0, 0, 0, 0),
(647, 1, 13, 47, '0', 0, 0, 0, 0),
(648, 1, 13, 48, '0', 0, 0, 0, 0),
(649, 1, 13, 49, '0', 0, 0, 0, 0),
(650, 1, 13, 50, '0', 0, 0, 0, 0),
(651, 1, 14, 1, '0', 0, 0, 0, 0),
(652, 1, 14, 2, '0', 0, 0, 1, 0),
(653, 1, 14, 3, '0', 0, 6, 1, 0),
(654, 1, 14, 4, '0', 0, 0, 1, 0),
(655, 1, 14, 5, '0', 0, 6, 1, 0),
(656, 1, 14, 6, '0', 0, 0, 1, 0),
(657, 1, 14, 7, '0', 0, 1, 1, 0),
(658, 1, 14, 8, '0', 0, 0, 1, 0),
(659, 1, 14, 9, '0', 0, 0, 1, 0),
(660, 1, 14, 10, '0', 0, 0, 1, 0),
(661, 1, 14, 11, '0', 0, 0, 1, 0),
(662, 1, 14, 12, '0', 0, 4, 1, 0),
(663, 1, 14, 13, '0', 0, 4, 1, 0),
(664, 1, 14, 14, '0', 0, 0, 1, 0),
(665, 1, 14, 15, '0', 0, 0, 1, 0),
(666, 1, 14, 16, '0', 0, 0, 1, 0),
(667, 1, 14, 17, '0', 0, 0, 1, 0),
(668, 1, 14, 18, '0', 0, 0, 1, 0),
(669, 1, 14, 19, '0', 0, 0, 0, 0),
(670, 1, 14, 20, '0', 0, 0, 0, 0),
(671, 1, 14, 21, '0', 0, 0, 0, 0),
(672, 1, 14, 22, '0', 0, 0, 0, 0),
(673, 1, 14, 23, '0', 0, 0, 0, 0),
(674, 1, 14, 24, '0', 0, 0, 0, 0),
(675, 1, 14, 25, '0', 0, 0, 0, 0),
(676, 1, 14, 26, '0', 0, 0, 0, 0),
(677, 1, 14, 27, '0', 0, 0, 0, 0),
(678, 1, 14, 28, '0', 0, 0, 0, 0),
(679, 1, 14, 29, '0', 0, 0, 0, 0),
(680, 1, 14, 30, '0', 0, 0, 0, 0),
(681, 1, 14, 31, '0', 0, 0, 0, 0),
(682, 1, 14, 32, '0', 0, 0, 0, 0),
(683, 1, 14, 33, '0', 0, 0, 0, 0),
(684, 1, 14, 34, '0', 0, 0, 0, 0),
(685, 1, 14, 35, '0', 0, 0, 0, 0),
(686, 1, 14, 36, '0', 0, 0, 0, 0),
(687, 1, 14, 37, '0', 0, 0, 0, 0),
(688, 1, 14, 38, '0', 0, 0, 0, 0),
(689, 1, 14, 39, '0', 0, 0, 0, 0),
(690, 1, 14, 40, '0', 0, 0, 0, 0),
(691, 1, 14, 41, '0', 0, 0, 0, 0),
(692, 1, 14, 42, '0', 0, 0, 0, 0),
(693, 1, 14, 43, '0', 0, 0, 0, 0),
(694, 1, 14, 44, '0', 0, 0, 0, 0),
(695, 1, 14, 45, '0', 0, 0, 0, 0),
(696, 1, 14, 46, '0', 0, 0, 0, 0),
(697, 1, 14, 47, '0', 0, 0, 0, 0),
(698, 1, 14, 48, '0', 0, 0, 0, 0),
(699, 1, 14, 49, '0', 0, 0, 0, 0),
(700, 1, 14, 50, '0', 0, 0, 0, 0),
(701, 1, 15, 1, '0', 0, 0, 0, 0),
(702, 1, 15, 2, '0', 0, 0, 1, 0),
(703, 1, 15, 3, '0', 0, 6, 1, 0),
(704, 1, 15, 4, '0', 0, 0, 1, 0),
(705, 1, 15, 5, '0', 0, 6, 1, 0),
(706, 1, 15, 6, '0', 0, 0, 1, 0),
(707, 1, 15, 7, '0', 0, 0, 1, 0),
(708, 1, 15, 8, '0', 0, 0, 1, 0),
(709, 1, 15, 9, '0', 0, 0, 1, 0),
(710, 1, 15, 10, '0', 0, 0, 1, 0),
(711, 1, 15, 11, '0', 0, 0, 1, 0),
(712, 1, 15, 12, '0', 0, 4, 1, 0),
(713, 1, 15, 13, '0', 0, 4, 1, 0),
(714, 1, 15, 14, '0', 0, 0, 1, 0),
(715, 1, 15, 15, '0', 0, 0, 1, 0),
(716, 1, 15, 16, '0', 0, 0, 1, 0),
(717, 1, 15, 17, '0', 0, 0, 1, 0),
(718, 1, 15, 18, '0', 0, 0, 1, 0),
(719, 1, 15, 19, '0', 0, 0, 0, 0),
(720, 1, 15, 20, '0', 0, 0, 0, 0),
(721, 1, 15, 21, '0', 0, 0, 0, 0),
(722, 1, 15, 22, '0', 0, 0, 0, 0),
(723, 1, 15, 23, '0', 0, 0, 0, 0),
(724, 1, 15, 24, '0', 0, 0, 0, 0),
(725, 1, 15, 25, '0', 0, 0, 0, 0),
(726, 1, 15, 26, '0', 0, 0, 0, 0),
(727, 1, 15, 27, '0', 0, 0, 0, 0),
(728, 1, 15, 28, '0', 0, 0, 0, 0),
(729, 1, 15, 29, '0', 0, 0, 0, 0),
(730, 1, 15, 30, '0', 0, 0, 0, 0),
(731, 1, 15, 31, '0', 0, 0, 0, 0),
(732, 1, 15, 32, '0', 0, 0, 0, 0),
(733, 1, 15, 33, '0', 0, 0, 0, 0),
(734, 1, 15, 34, '0', 0, 0, 0, 0),
(735, 1, 15, 35, '0', 0, 0, 0, 0),
(736, 1, 15, 36, '0', 0, 0, 0, 0),
(737, 1, 15, 37, '0', 0, 0, 0, 0),
(738, 1, 15, 38, '0', 0, 0, 0, 0),
(739, 1, 15, 39, '0', 0, 0, 0, 0),
(740, 1, 15, 40, '0', 0, 0, 0, 0),
(741, 1, 15, 41, '0', 0, 0, 0, 0),
(742, 1, 15, 42, '0', 0, 0, 0, 0),
(743, 1, 15, 43, '0', 0, 0, 0, 0),
(744, 1, 15, 44, '0', 0, 0, 0, 0),
(745, 1, 15, 45, '0', 0, 0, 0, 0),
(746, 1, 15, 46, '0', 0, 0, 0, 0),
(747, 1, 15, 47, '0', 0, 0, 0, 0),
(748, 1, 15, 48, '0', 0, 0, 0, 0),
(749, 1, 15, 49, '0', 0, 0, 0, 0),
(750, 1, 15, 50, '0', 0, 0, 0, 0),
(751, 1, 16, 1, '0', 0, 0, 0, 0),
(752, 1, 16, 2, '0', 0, 0, 1, 0),
(753, 1, 16, 3, '0', 0, 6, 1, 0),
(754, 1, 16, 4, '0', 0, 0, 1, 0),
(755, 1, 16, 5, '0', 0, 6, 1, 0),
(756, 1, 16, 6, '0', 0, 0, 1, 0),
(757, 1, 16, 7, '0', 0, 0, 1, 0),
(758, 1, 16, 8, '0', 0, 3, 1, 0),
(759, 1, 16, 9, '0', 0, 3, 1, 0),
(760, 1, 16, 10, '0', 0, 0, 1, 0),
(761, 1, 16, 11, '0', 0, 0, 1, 0),
(762, 1, 16, 12, '0', 0, 0, 1, 0),
(763, 1, 16, 13, '0', 0, 0, 1, 0),
(764, 1, 16, 14, '0', 0, 0, 1, 0),
(765, 1, 16, 15, '0', 0, 0, 1, 0),
(766, 1, 16, 16, '0', 0, 0, 1, 0),
(767, 1, 16, 17, '0', 0, 0, 1, 0),
(768, 1, 16, 18, '0', 0, 0, 1, 0),
(769, 1, 16, 19, '0', 0, 0, 0, 0),
(770, 1, 16, 20, '0', 0, 0, 0, 0),
(771, 1, 16, 21, '0', 0, 0, 0, 0),
(772, 1, 16, 22, '0', 0, 0, 0, 0),
(773, 1, 16, 23, '0', 0, 0, 0, 0),
(774, 1, 16, 24, '0', 0, 0, 0, 0),
(775, 1, 16, 25, '0', 0, 0, 0, 0),
(776, 1, 16, 26, '0', 0, 0, 0, 0),
(777, 1, 16, 27, '0', 0, 0, 0, 0),
(778, 1, 16, 28, '0', 0, 0, 0, 0),
(779, 1, 16, 29, '0', 0, 0, 0, 0),
(780, 1, 16, 30, '0', 0, 0, 0, 0),
(781, 1, 16, 31, '0', 0, 0, 0, 0),
(782, 1, 16, 32, '0', 0, 0, 0, 0),
(783, 1, 16, 33, '0', 0, 0, 0, 0),
(784, 1, 16, 34, '0', 0, 0, 0, 0),
(785, 1, 16, 35, '0', 0, 0, 0, 0),
(786, 1, 16, 36, '0', 0, 0, 0, 0),
(787, 1, 16, 37, '0', 0, 0, 0, 0),
(788, 1, 16, 38, '0', 0, 0, 0, 0),
(789, 1, 16, 39, '0', 0, 0, 0, 0),
(790, 1, 16, 40, '0', 0, 0, 0, 0),
(791, 1, 16, 41, '0', 0, 0, 0, 0),
(792, 1, 16, 42, '0', 0, 0, 0, 0),
(793, 1, 16, 43, '0', 0, 0, 0, 0),
(794, 1, 16, 44, '0', 0, 0, 0, 0),
(795, 1, 16, 45, '0', 0, 0, 0, 0),
(796, 1, 16, 46, '0', 0, 0, 0, 0),
(797, 1, 16, 47, '0', 0, 0, 0, 0),
(798, 1, 16, 48, '0', 0, 0, 0, 0),
(799, 1, 16, 49, '0', 0, 0, 0, 0),
(800, 1, 16, 50, '0', 0, 0, 0, 0),
(801, 1, 17, 1, '0', 0, 0, 0, 0),
(802, 1, 17, 2, '0', 0, 0, 1, 0),
(803, 1, 17, 3, '0', 0, 10, 1, 0),
(804, 1, 17, 4, '0', 0, 7, 1, 0),
(805, 1, 17, 5, '0', 0, 9, 1, 0),
(806, 1, 17, 6, '0', 0, 0, 1, 0),
(807, 1, 17, 7, '0', 0, 0, 1, 0),
(808, 1, 17, 8, '0', 0, 3, 1, 0),
(809, 1, 17, 9, '0', 0, 3, 1, 0),
(810, 1, 17, 10, '0', 0, 0, 1, 0),
(811, 1, 17, 11, '0', 0, 0, 1, 0),
(812, 1, 17, 12, '0', 0, 0, 1, 0),
(813, 1, 17, 13, '0', 0, 0, 1, 0),
(814, 1, 17, 14, '0', 0, 0, 1, 0),
(815, 1, 17, 15, '0', 0, 0, 1, 0),
(816, 1, 17, 16, '0', 0, 0, 1, 0),
(817, 1, 17, 17, '0', 0, 0, 1, 0),
(818, 1, 17, 18, '0', 0, 0, 1, 0),
(819, 1, 17, 19, '0', 0, 0, 0, 0),
(820, 1, 17, 20, '0', 0, 0, 0, 0),
(821, 1, 17, 21, '0', 0, 0, 0, 0),
(822, 1, 17, 22, '0', 0, 0, 0, 0),
(823, 1, 17, 23, '0', 0, 0, 0, 0),
(824, 1, 17, 24, '0', 0, 0, 0, 0),
(825, 1, 17, 25, '0', 0, 0, 0, 0),
(826, 1, 17, 26, '0', 0, 0, 0, 0),
(827, 1, 17, 27, '0', 0, 0, 0, 0),
(828, 1, 17, 28, '0', 0, 0, 0, 0),
(829, 1, 17, 29, '0', 0, 0, 0, 0),
(830, 1, 17, 30, '0', 0, 0, 0, 0),
(831, 1, 17, 31, '0', 0, 0, 0, 0),
(832, 1, 17, 32, '0', 0, 0, 0, 0),
(833, 1, 17, 33, '0', 0, 0, 0, 0),
(834, 1, 17, 34, '0', 0, 0, 0, 0),
(835, 1, 17, 35, '0', 0, 0, 0, 0),
(836, 1, 17, 36, '0', 0, 0, 0, 0),
(837, 1, 17, 37, '0', 0, 0, 0, 0),
(838, 1, 17, 38, '0', 0, 0, 0, 0),
(839, 1, 17, 39, '0', 0, 0, 0, 0),
(840, 1, 17, 40, '0', 0, 0, 0, 0),
(841, 1, 17, 41, '0', 0, 0, 0, 0),
(842, 1, 17, 42, '0', 0, 0, 0, 0),
(843, 1, 17, 43, '0', 0, 0, 0, 0),
(844, 1, 17, 44, '0', 0, 0, 0, 0),
(845, 1, 17, 45, '0', 0, 0, 0, 0),
(846, 1, 17, 46, '0', 0, 0, 0, 0),
(847, 1, 17, 47, '0', 0, 0, 0, 0),
(848, 1, 17, 48, '0', 0, 0, 0, 0),
(849, 1, 17, 49, '0', 0, 0, 0, 0),
(850, 1, 17, 50, '0', 0, 0, 0, 0),
(851, 1, 18, 1, '0', 0, 0, 0, 0),
(852, 1, 18, 2, '0', 0, 0, 1, 0),
(853, 1, 18, 3, '0', 0, 0, 1, 0),
(854, 1, 18, 4, '0', 0, 0, 1, 0),
(855, 1, 18, 5, '0', 0, 0, 1, 0),
(856, 1, 18, 6, '0', 0, 0, 1, 0),
(857, 1, 18, 7, '0', 0, 0, 1, 0),
(858, 1, 18, 8, '0', 0, 0, 1, 0),
(859, 1, 18, 9, '0', 0, 0, 1, 0),
(860, 1, 18, 10, '0', 0, 0, 1, 0),
(861, 1, 18, 11, '0', 0, 0, 1, 0),
(862, 1, 18, 12, '0', 0, 0, 1, 0),
(863, 1, 18, 13, '0', 0, 0, 1, 0),
(864, 1, 18, 14, '0', 0, 0, 1, 0),
(865, 1, 18, 15, '0', 0, 0, 1, 0),
(866, 1, 18, 16, '0', 0, 0, 1, 0),
(867, 1, 18, 17, '0', 0, 0, 1, 0),
(868, 1, 18, 18, '0', 0, 0, 1, 0),
(869, 1, 18, 19, '0', 0, 0, 0, 0),
(870, 1, 18, 20, '0', 0, 0, 0, 0),
(871, 1, 18, 21, '0', 0, 0, 0, 0),
(872, 1, 18, 22, '0', 0, 0, 0, 0),
(873, 1, 18, 23, '0', 0, 0, 0, 0),
(874, 1, 18, 24, '0', 0, 0, 0, 0),
(875, 1, 18, 25, '0', 0, 0, 0, 0),
(876, 1, 18, 26, '0', 0, 0, 0, 0),
(877, 1, 18, 27, '0', 0, 0, 0, 0),
(878, 1, 18, 28, '0', 0, 0, 0, 0),
(879, 1, 18, 29, '0', 0, 0, 0, 0),
(880, 1, 18, 30, '0', 0, 0, 0, 0),
(881, 1, 18, 31, '0', 0, 0, 0, 0),
(882, 1, 18, 32, '0', 0, 0, 0, 0),
(883, 1, 18, 33, '0', 0, 0, 0, 0),
(884, 1, 18, 34, '0', 0, 0, 0, 0),
(885, 1, 18, 35, '0', 0, 0, 0, 0),
(886, 1, 18, 36, '0', 0, 0, 0, 0),
(887, 1, 18, 37, '0', 0, 0, 0, 0),
(888, 1, 18, 38, '0', 0, 0, 0, 0),
(889, 1, 18, 39, '0', 0, 0, 0, 0),
(890, 1, 18, 40, '0', 0, 0, 0, 0),
(891, 1, 18, 41, '0', 0, 0, 0, 0),
(892, 1, 18, 42, '0', 0, 0, 0, 0),
(893, 1, 18, 43, '0', 0, 0, 0, 0),
(894, 1, 18, 44, '0', 0, 0, 0, 0),
(895, 1, 18, 45, '0', 0, 0, 0, 0),
(896, 1, 18, 46, '0', 0, 0, 0, 0),
(897, 1, 18, 47, '0', 0, 0, 0, 0),
(898, 1, 18, 48, '0', 0, 0, 0, 0),
(899, 1, 18, 49, '0', 0, 0, 0, 0),
(900, 1, 18, 50, '0', 0, 0, 0, 0),
(901, 1, 19, 1, '0', 0, 0, 0, 0),
(902, 1, 19, 2, '0', 0, 0, 1, 0),
(903, 1, 19, 3, '0', 0, 0, 1, 0),
(904, 1, 19, 4, '0', 0, 0, 1, 0),
(905, 1, 19, 5, '0', 0, 0, 1, 0),
(906, 1, 19, 6, '0', 0, 0, 1, 0),
(907, 1, 19, 7, '0', 0, 0, 1, 0),
(908, 1, 19, 8, '0', 0, 0, 1, 0),
(909, 1, 19, 9, '0', 0, 0, 1, 0),
(910, 1, 19, 10, '0', 0, 0, 1, 0),
(911, 1, 19, 11, '0', 0, 0, 1, 0),
(912, 1, 19, 12, '0', 0, 0, 1, 0),
(913, 1, 19, 13, '0', 0, 0, 1, 0),
(914, 1, 19, 14, '0', 0, 0, 1, 0),
(915, 1, 19, 15, '0', 0, 0, 0, 0),
(916, 1, 19, 16, '0', 0, 0, 0, 0),
(917, 1, 19, 17, '0', 0, 0, 0, 0),
(918, 1, 19, 18, '0', 0, 0, 0, 0),
(919, 1, 19, 19, '0', 0, 0, 0, 0),
(920, 1, 19, 20, '0', 0, 0, 0, 0),
(921, 1, 19, 21, '0', 0, 0, 0, 0),
(922, 1, 19, 22, '0', 0, 0, 0, 0),
(923, 1, 19, 23, '0', 0, 0, 0, 0),
(924, 1, 19, 24, '0', 0, 0, 0, 0),
(925, 1, 19, 25, '0', 0, 0, 0, 0),
(926, 1, 19, 26, '0', 0, 0, 0, 0),
(927, 1, 19, 27, '0', 0, 0, 0, 0),
(928, 1, 19, 28, '0', 0, 0, 0, 0),
(929, 1, 19, 29, '0', 0, 0, 0, 0),
(930, 1, 19, 30, '0', 0, 0, 0, 0),
(931, 1, 19, 31, '0', 0, 0, 0, 0),
(932, 1, 19, 32, '0', 0, 0, 0, 0),
(933, 1, 19, 33, '0', 0, 0, 0, 0),
(934, 1, 19, 34, '0', 0, 0, 0, 0),
(935, 1, 19, 35, '0', 0, 0, 0, 0),
(936, 1, 19, 36, '0', 0, 0, 0, 0),
(937, 1, 19, 37, '0', 0, 0, 0, 0),
(938, 1, 19, 38, '0', 0, 0, 0, 0),
(939, 1, 19, 39, '0', 0, 0, 0, 0),
(940, 1, 19, 40, '0', 0, 0, 0, 0),
(941, 1, 19, 41, '0', 0, 0, 0, 0),
(942, 1, 19, 42, '0', 0, 0, 0, 0),
(943, 1, 19, 43, '0', 0, 0, 0, 0),
(944, 1, 19, 44, '0', 0, 0, 0, 0),
(945, 1, 19, 45, '0', 0, 0, 0, 0),
(946, 1, 19, 46, '0', 0, 0, 0, 0),
(947, 1, 19, 47, '0', 0, 0, 0, 0),
(948, 1, 19, 48, '0', 0, 0, 0, 0),
(949, 1, 19, 49, '0', 0, 0, 0, 0),
(950, 1, 19, 50, '0', 0, 0, 0, 0),
(951, 1, 20, 1, '0', 0, 0, 0, 0),
(952, 1, 20, 2, '0', 0, 0, 1, 0),
(953, 1, 20, 3, '0', 0, 0, 1, 0),
(954, 1, 20, 4, '0', 0, 0, 1, 0),
(955, 1, 20, 5, '0', 0, 0, 1, 0),
(956, 1, 20, 6, '0', 0, 0, 1, 0),
(957, 1, 20, 7, '0', 0, 0, 1, 0),
(958, 1, 20, 8, '0', 0, 0, 1, 0),
(959, 1, 20, 9, '0', 0, 0, 1, 0),
(960, 1, 20, 10, '0', 0, 0, 1, 0),
(961, 1, 20, 11, '0', 0, 0, 1, 0),
(962, 1, 20, 12, '0', 0, 0, 1, 0),
(963, 1, 20, 13, '0', 0, 0, 1, 0),
(964, 1, 20, 14, '0', 0, 0, 1, 0),
(965, 1, 20, 15, '0', 0, 0, 0, 0),
(966, 1, 20, 16, '0', 0, 0, 0, 0),
(967, 1, 20, 17, '0', 0, 0, 0, 0),
(968, 1, 20, 18, '0', 0, 0, 0, 0),
(969, 1, 20, 19, '0', 0, 0, 0, 0),
(970, 1, 20, 20, '0', 0, 0, 0, 0),
(971, 1, 20, 21, '0', 0, 0, 0, 0),
(972, 1, 20, 22, '0', 0, 0, 0, 0),
(973, 1, 20, 23, '0', 0, 0, 0, 0),
(974, 1, 20, 24, '0', 0, 0, 0, 0),
(975, 1, 20, 25, '0', 0, 0, 0, 0),
(976, 1, 20, 26, '0', 0, 0, 0, 0),
(977, 1, 20, 27, '0', 0, 0, 0, 0),
(978, 1, 20, 28, '0', 0, 0, 0, 0),
(979, 1, 20, 29, '0', 0, 0, 0, 0),
(980, 1, 20, 30, '0', 0, 0, 0, 0),
(981, 1, 20, 31, '0', 0, 0, 0, 0),
(982, 1, 20, 32, '0', 0, 0, 0, 0),
(983, 1, 20, 33, '0', 0, 0, 0, 0),
(984, 1, 20, 34, '0', 0, 0, 0, 0),
(985, 1, 20, 35, '0', 0, 0, 0, 0),
(986, 1, 20, 36, '0', 0, 0, 0, 0),
(987, 1, 20, 37, '0', 0, 0, 0, 0),
(988, 1, 20, 38, '0', 0, 0, 0, 0),
(989, 1, 20, 39, '0', 0, 0, 0, 0),
(990, 1, 20, 40, '0', 0, 0, 0, 0),
(991, 1, 20, 41, '0', 0, 0, 0, 0),
(992, 1, 20, 42, '0', 0, 0, 0, 0),
(993, 1, 20, 43, '0', 0, 0, 0, 0),
(994, 1, 20, 44, '0', 0, 0, 0, 0),
(995, 1, 20, 45, '0', 0, 0, 0, 0),
(996, 1, 20, 46, '0', 0, 0, 0, 0),
(997, 1, 20, 47, '0', 0, 0, 0, 0),
(998, 1, 20, 48, '0', 0, 0, 0, 0),
(999, 1, 20, 49, '0', 0, 0, 0, 0),
(1000, 1, 20, 50, '0', 0, 0, 0, 0),
(1001, 1, 21, 1, '0', 0, 0, 0, 0),
(1002, 1, 21, 2, '0', 0, 0, 0, 0),
(1003, 1, 21, 3, '0', 0, 0, 0, 0),
(1004, 1, 21, 4, '0', 0, 0, 0, 0),
(1005, 1, 21, 5, '0', 0, 0, 0, 0),
(1006, 1, 21, 6, '0', 0, 0, 0, 0),
(1007, 1, 21, 7, '0', 0, 0, 0, 0),
(1008, 1, 21, 8, '0', 0, 0, 0, 0),
(1009, 1, 21, 9, '0', 0, 0, 0, 0),
(1010, 1, 21, 10, '0', 0, 0, 0, 0),
(1011, 1, 21, 11, '0', 0, 0, 0, 0),
(1012, 1, 21, 12, '0', 0, 0, 0, 0),
(1013, 1, 21, 13, '0', 0, 0, 0, 0),
(1014, 1, 21, 14, '0', 0, 0, 0, 0),
(1015, 1, 21, 15, '0', 0, 0, 0, 0),
(1016, 1, 21, 16, '0', 0, 0, 0, 0),
(1017, 1, 21, 17, '0', 0, 0, 0, 0),
(1018, 1, 21, 18, '0', 0, 0, 0, 0),
(1019, 1, 21, 19, '0', 0, 0, 0, 0),
(1020, 1, 21, 20, '0', 0, 0, 0, 0),
(1021, 1, 21, 21, '0', 0, 0, 0, 0),
(1022, 1, 21, 22, '0', 0, 0, 0, 0),
(1023, 1, 21, 23, '0', 0, 0, 0, 0),
(1024, 1, 21, 24, '0', 0, 0, 0, 0),
(1025, 1, 21, 25, '0', 0, 0, 0, 0),
(1026, 1, 21, 26, '0', 0, 0, 0, 0),
(1027, 1, 21, 27, '0', 0, 0, 0, 0),
(1028, 1, 21, 28, '0', 0, 0, 0, 0),
(1029, 1, 21, 29, '0', 0, 0, 0, 0),
(1030, 1, 21, 30, '0', 0, 0, 0, 0),
(1031, 1, 21, 31, '0', 0, 0, 0, 0),
(1032, 1, 21, 32, '0', 0, 0, 0, 0),
(1033, 1, 21, 33, '0', 0, 0, 0, 0),
(1034, 1, 21, 34, '0', 0, 0, 0, 0),
(1035, 1, 21, 35, '0', 0, 0, 0, 0),
(1036, 1, 21, 36, '0', 0, 0, 0, 0),
(1037, 1, 21, 37, '0', 0, 0, 0, 0),
(1038, 1, 21, 38, '0', 0, 0, 0, 0),
(1039, 1, 21, 39, '0', 0, 0, 0, 0),
(1040, 1, 21, 40, '0', 0, 0, 0, 0),
(1041, 1, 21, 41, '0', 0, 0, 0, 0),
(1042, 1, 21, 42, '0', 0, 0, 0, 0),
(1043, 1, 21, 43, '0', 0, 0, 0, 0),
(1044, 1, 21, 44, '0', 0, 0, 0, 0),
(1045, 1, 21, 45, '0', 0, 0, 0, 0),
(1046, 1, 21, 46, '0', 0, 0, 0, 0),
(1047, 1, 21, 47, '0', 0, 0, 0, 0),
(1048, 1, 21, 48, '0', 0, 0, 0, 0),
(1049, 1, 21, 49, '0', 0, 0, 0, 0),
(1050, 1, 21, 50, '0', 0, 0, 0, 0),
(1051, 1, 22, 1, '0', 0, 0, 0, 0),
(1052, 1, 22, 2, '0', 0, 0, 0, 0),
(1053, 1, 22, 3, '0', 0, 0, 0, 0),
(1054, 1, 22, 4, '0', 0, 0, 0, 0),
(1055, 1, 22, 5, '0', 0, 0, 0, 0),
(1056, 1, 22, 6, '0', 0, 0, 0, 0),
(1057, 1, 22, 7, '0', 0, 0, 0, 0),
(1058, 1, 22, 8, '0', 0, 0, 0, 0),
(1059, 1, 22, 9, '0', 0, 0, 0, 0),
(1060, 1, 22, 10, '0', 0, 0, 0, 0),
(1061, 1, 22, 11, '0', 0, 0, 0, 0),
(1062, 1, 22, 12, '0', 0, 0, 0, 0),
(1063, 1, 22, 13, '0', 0, 0, 0, 0),
(1064, 1, 22, 14, '0', 0, 0, 0, 0),
(1065, 1, 22, 15, '0', 0, 0, 0, 0),
(1066, 1, 22, 16, '0', 0, 0, 0, 0),
(1067, 1, 22, 17, '0', 0, 0, 0, 0),
(1068, 1, 22, 18, '0', 0, 0, 0, 0),
(1069, 1, 22, 19, '0', 0, 0, 0, 0),
(1070, 1, 22, 20, '0', 0, 0, 0, 0),
(1071, 1, 22, 21, '0', 0, 0, 0, 0),
(1072, 1, 22, 22, '0', 0, 0, 0, 0),
(1073, 1, 22, 23, '0', 0, 0, 0, 0),
(1074, 1, 22, 24, '0', 0, 0, 0, 0),
(1075, 1, 22, 25, '0', 0, 0, 0, 0),
(1076, 1, 22, 26, '0', 0, 0, 0, 0),
(1077, 1, 22, 27, '0', 0, 0, 0, 0),
(1078, 1, 22, 28, '0', 0, 0, 0, 0),
(1079, 1, 22, 29, '0', 0, 0, 0, 0),
(1080, 1, 22, 30, '0', 0, 0, 0, 0),
(1081, 1, 22, 31, '0', 0, 0, 0, 0),
(1082, 1, 22, 32, '0', 0, 0, 0, 0),
(1083, 1, 22, 33, '0', 0, 0, 0, 0),
(1084, 1, 22, 34, '0', 0, 0, 0, 0),
(1085, 1, 22, 35, '0', 0, 0, 0, 0),
(1086, 1, 22, 36, '0', 0, 0, 0, 0),
(1087, 1, 22, 37, '0', 0, 0, 0, 0),
(1088, 1, 22, 38, '0', 0, 0, 0, 0),
(1089, 1, 22, 39, '0', 0, 0, 0, 0),
(1090, 1, 22, 40, '0', 0, 0, 0, 0),
(1091, 1, 22, 41, '0', 0, 0, 0, 0),
(1092, 1, 22, 42, '0', 0, 0, 0, 0),
(1093, 1, 22, 43, '0', 0, 0, 0, 0),
(1094, 1, 22, 44, '0', 0, 0, 0, 0),
(1095, 1, 22, 45, '0', 0, 0, 0, 0),
(1096, 1, 22, 46, '0', 0, 0, 0, 0),
(1097, 1, 22, 47, '0', 0, 0, 0, 0),
(1098, 1, 22, 48, '0', 0, 0, 0, 0),
(1099, 1, 22, 49, '0', 0, 0, 0, 0),
(1100, 1, 22, 50, '0', 0, 0, 0, 0),
(1101, 1, 23, 1, '0', 0, 0, 0, 0),
(1102, 1, 23, 2, '0', 0, 0, 0, 0),
(1103, 1, 23, 3, '0', 0, 0, 0, 0),
(1104, 1, 23, 4, '0', 0, 0, 0, 0),
(1105, 1, 23, 5, '0', 0, 0, 0, 0),
(1106, 1, 23, 6, '0', 0, 0, 0, 0),
(1107, 1, 23, 7, '0', 0, 0, 0, 0),
(1108, 1, 23, 8, '0', 0, 0, 0, 0),
(1109, 1, 23, 9, '0', 0, 0, 0, 0),
(1110, 1, 23, 10, '0', 0, 0, 0, 0),
(1111, 1, 23, 11, '0', 0, 0, 0, 0),
(1112, 1, 23, 12, '0', 0, 0, 0, 0),
(1113, 1, 23, 13, '0', 0, 0, 0, 0),
(1114, 1, 23, 14, '0', 0, 0, 0, 0),
(1115, 1, 23, 15, '0', 0, 0, 0, 0),
(1116, 1, 23, 16, '0', 0, 0, 0, 0),
(1117, 1, 23, 17, '0', 0, 0, 0, 0),
(1118, 1, 23, 18, '0', 0, 0, 0, 0),
(1119, 1, 23, 19, '0', 0, 0, 0, 0),
(1120, 1, 23, 20, '0', 0, 0, 0, 0),
(1121, 1, 23, 21, '0', 0, 0, 0, 0),
(1122, 1, 23, 22, '0', 0, 0, 0, 0),
(1123, 1, 23, 23, '0', 0, 0, 0, 0),
(1124, 1, 23, 24, '0', 0, 0, 0, 0),
(1125, 1, 23, 25, '0', 0, 0, 0, 0),
(1126, 1, 23, 26, '0', 0, 0, 0, 0),
(1127, 1, 23, 27, '0', 0, 0, 0, 0),
(1128, 1, 23, 28, '0', 0, 0, 0, 0),
(1129, 1, 23, 29, '0', 0, 0, 0, 0),
(1130, 1, 23, 30, '0', 0, 0, 0, 0),
(1131, 1, 23, 31, '0', 0, 0, 0, 0),
(1132, 1, 23, 32, '0', 0, 0, 0, 0),
(1133, 1, 23, 33, '0', 0, 0, 0, 0),
(1134, 1, 23, 34, '0', 0, 0, 0, 0),
(1135, 1, 23, 35, '0', 0, 0, 0, 0),
(1136, 1, 23, 36, '0', 0, 0, 0, 0),
(1137, 1, 23, 37, '0', 0, 0, 0, 0),
(1138, 1, 23, 38, '0', 0, 0, 0, 0),
(1139, 1, 23, 39, '0', 0, 0, 0, 0),
(1140, 1, 23, 40, '0', 0, 0, 0, 0),
(1141, 1, 23, 41, '0', 0, 0, 0, 0),
(1142, 1, 23, 42, '0', 0, 0, 0, 0),
(1143, 1, 23, 43, '0', 0, 0, 0, 0),
(1144, 1, 23, 44, '0', 0, 0, 0, 0),
(1145, 1, 23, 45, '0', 0, 0, 0, 0),
(1146, 1, 23, 46, '0', 0, 0, 0, 0),
(1147, 1, 23, 47, '0', 0, 0, 0, 0),
(1148, 1, 23, 48, '0', 0, 0, 0, 0),
(1149, 1, 23, 49, '0', 0, 0, 0, 0),
(1150, 1, 23, 50, '0', 0, 0, 0, 0),
(1151, 1, 24, 1, '0', 0, 0, 0, 0),
(1152, 1, 24, 2, '0', 0, 0, 0, 0),
(1153, 1, 24, 3, '0', 0, 0, 0, 0),
(1154, 1, 24, 4, '0', 0, 0, 0, 0),
(1155, 1, 24, 5, '0', 0, 0, 0, 0),
(1156, 1, 24, 6, '0', 0, 0, 0, 0),
(1157, 1, 24, 7, '0', 0, 0, 0, 0),
(1158, 1, 24, 8, '0', 0, 0, 0, 0),
(1159, 1, 24, 9, '0', 0, 0, 0, 0),
(1160, 1, 24, 10, '0', 0, 0, 0, 0),
(1161, 1, 24, 11, '0', 0, 58, 0, 0),
(1162, 1, 24, 12, '0', 0, 0, 0, 0),
(1163, 1, 24, 13, '0', 0, 0, 0, 0),
(1164, 1, 24, 14, '0', 0, 0, 0, 0),
(1165, 1, 24, 15, '0', 0, 0, 0, 0),
(1166, 1, 24, 16, '0', 0, 0, 0, 0),
(1167, 1, 24, 17, '0', 0, 0, 0, 0),
(1168, 1, 24, 18, '0', 0, 0, 0, 0),
(1169, 1, 24, 19, '0', 0, 0, 0, 0),
(1170, 1, 24, 20, '0', 0, 0, 0, 0),
(1171, 1, 24, 21, '0', 0, 0, 0, 0),
(1172, 1, 24, 22, '0', 0, 0, 0, 0),
(1173, 1, 24, 23, '0', 0, 0, 0, 0),
(1174, 1, 24, 24, '0', 0, 0, 0, 0),
(1175, 1, 24, 25, '0', 0, 0, 0, 0),
(1176, 1, 24, 26, '0', 0, 0, 0, 0),
(1177, 1, 24, 27, '0', 0, 0, 0, 0),
(1178, 1, 24, 28, '0', 0, 0, 0, 0),
(1179, 1, 24, 29, '0', 0, 0, 0, 0),
(1180, 1, 24, 30, '0', 0, 0, 0, 0),
(1181, 1, 24, 31, '0', 0, 0, 0, 0),
(1182, 1, 24, 32, '0', 0, 0, 0, 0),
(1183, 1, 24, 33, '0', 0, 0, 0, 0),
(1184, 1, 24, 34, '0', 0, 0, 0, 0),
(1185, 1, 24, 35, '0', 0, 0, 0, 0),
(1186, 1, 24, 36, '0', 0, 0, 0, 0),
(1187, 1, 24, 37, '0', 0, 0, 0, 0),
(1188, 1, 24, 38, '0', 0, 0, 0, 0),
(1189, 1, 24, 39, '0', 0, 0, 0, 0),
(1190, 1, 24, 40, '0', 0, 0, 0, 0),
(1191, 1, 24, 41, '0', 0, 0, 0, 0),
(1192, 1, 24, 42, '0', 0, 0, 0, 0),
(1193, 1, 24, 43, '0', 0, 0, 0, 0),
(1194, 1, 24, 44, '0', 0, 0, 0, 0),
(1195, 1, 24, 45, '0', 0, 0, 0, 0),
(1196, 1, 24, 46, '0', 0, 0, 0, 0),
(1197, 1, 24, 47, '0', 0, 0, 0, 0),
(1198, 1, 24, 48, '0', 0, 0, 0, 0),
(1199, 1, 24, 49, '0', 0, 0, 0, 0),
(1200, 1, 24, 50, '0', 0, 0, 0, 0),
(1201, 1, 25, 1, '0', 0, 0, 0, 0),
(1202, 1, 25, 2, '0', 0, 0, 0, 0),
(1203, 1, 25, 3, '0', 0, 0, 0, 0),
(1204, 1, 25, 4, '0', 0, 0, 0, 0),
(1205, 1, 25, 5, '0', 0, 0, 0, 0),
(1206, 1, 25, 6, '0', 0, 0, 0, 0),
(1207, 1, 25, 7, '0', 0, 0, 0, 0),
(1208, 1, 25, 8, '0', 0, 0, 0, 0),
(1209, 1, 25, 9, '0', 0, 0, 0, 0),
(1210, 1, 25, 10, '0', 0, 0, 0, 0),
(1211, 1, 25, 11, '0', 0, 0, 0, 0),
(1212, 1, 25, 12, '0', 0, 0, 0, 0),
(1213, 1, 25, 13, '0', 0, 0, 0, 0),
(1214, 1, 25, 14, '0', 0, 0, 0, 0),
(1215, 1, 25, 15, '0', 0, 0, 0, 0),
(1216, 1, 25, 16, '0', 0, 0, 0, 0),
(1217, 1, 25, 17, '0', 0, 0, 0, 0),
(1218, 1, 25, 18, '0', 0, 0, 0, 0),
(1219, 1, 25, 19, '0', 0, 0, 0, 0),
(1220, 1, 25, 20, '0', 0, 0, 0, 0),
(1221, 1, 25, 21, '0', 0, 0, 0, 0),
(1222, 1, 25, 22, '0', 0, 0, 0, 0),
(1223, 1, 25, 23, '0', 0, 0, 0, 0),
(1224, 1, 25, 24, '0', 0, 0, 0, 0),
(1225, 1, 25, 25, '0', 0, 0, 0, 0),
(1226, 1, 25, 26, '0', 0, 0, 0, 0),
(1227, 1, 25, 27, '0', 0, 0, 0, 0),
(1228, 1, 25, 28, '0', 0, 0, 0, 0),
(1229, 1, 25, 29, '0', 0, 0, 0, 0),
(1230, 1, 25, 30, '0', 0, 0, 0, 0),
(1231, 1, 25, 31, '0', 0, 0, 0, 0),
(1232, 1, 25, 32, '0', 0, 0, 0, 0),
(1233, 1, 25, 33, '0', 0, 0, 0, 0),
(1234, 1, 25, 34, '0', 0, 0, 0, 0),
(1235, 1, 25, 35, '0', 0, 0, 0, 0),
(1236, 1, 25, 36, '0', 0, 0, 0, 0),
(1237, 1, 25, 37, '0', 0, 0, 0, 0),
(1238, 1, 25, 38, '0', 0, 0, 0, 0),
(1239, 1, 25, 39, '0', 0, 0, 0, 0),
(1240, 1, 25, 40, '0', 0, 0, 0, 0),
(1241, 1, 25, 41, '0', 0, 0, 0, 0),
(1242, 1, 25, 42, '0', 0, 0, 0, 0),
(1243, 1, 25, 43, '0', 0, 0, 0, 0),
(1244, 1, 25, 44, '0', 0, 0, 0, 0),
(1245, 1, 25, 45, '0', 0, 0, 0, 0),
(1246, 1, 25, 46, '0', 0, 0, 0, 0),
(1247, 1, 25, 47, '0', 0, 0, 0, 0),
(1248, 1, 25, 48, '0', 0, 0, 0, 0),
(1249, 1, 25, 49, '0', 0, 0, 0, 0),
(1250, 1, 25, 50, '0', 0, 0, 0, 0),
(1251, 1, 26, 1, '0', 0, 0, 0, 0),
(1252, 1, 26, 2, '0', 0, 0, 0, 0),
(1253, 1, 26, 3, '0', 0, 0, 0, 0),
(1254, 1, 26, 4, '0', 0, 0, 0, 0),
(1255, 1, 26, 5, '0', 0, 0, 0, 0),
(1256, 1, 26, 6, '0', 0, 0, 0, 0),
(1257, 1, 26, 7, '0', 0, 0, 0, 0),
(1258, 1, 26, 8, '0', 0, 0, 0, 0),
(1259, 1, 26, 9, '0', 0, 0, 0, 0),
(1260, 1, 26, 10, '0', 0, 0, 0, 0),
(1261, 1, 26, 11, '0', 0, 0, 0, 0),
(1262, 1, 26, 12, '0', 0, 0, 0, 0),
(1263, 1, 26, 13, '0', 0, 0, 0, 0),
(1264, 1, 26, 14, '0', 0, 0, 0, 0),
(1265, 1, 26, 15, '0', 0, 0, 0, 0),
(1266, 1, 26, 16, '0', 0, 0, 0, 0),
(1267, 1, 26, 17, '0', 0, 0, 0, 0),
(1268, 1, 26, 18, '0', 0, 0, 0, 0),
(1269, 1, 26, 19, '0', 0, 0, 0, 0),
(1270, 1, 26, 20, '0', 0, 0, 0, 0),
(1271, 1, 26, 21, '0', 0, 0, 0, 0),
(1272, 1, 26, 22, '0', 0, 0, 0, 0),
(1273, 1, 26, 23, '0', 0, 0, 0, 0),
(1274, 1, 26, 24, '0', 0, 0, 0, 0),
(1275, 1, 26, 25, '0', 0, 0, 0, 0),
(1276, 1, 26, 26, '0', 0, 0, 0, 0),
(1277, 1, 26, 27, '0', 0, 0, 0, 0),
(1278, 1, 26, 28, '0', 0, 0, 0, 0),
(1279, 1, 26, 29, '0', 0, 0, 0, 0),
(1280, 1, 26, 30, '0', 0, 0, 0, 0),
(1281, 1, 26, 31, '0', 0, 0, 0, 0),
(1282, 1, 26, 32, '0', 0, 0, 0, 0),
(1283, 1, 26, 33, '0', 0, 0, 0, 0),
(1284, 1, 26, 34, '0', 0, 0, 0, 0),
(1285, 1, 26, 35, '0', 0, 0, 0, 0),
(1286, 1, 26, 36, '0', 0, 0, 0, 0),
(1287, 1, 26, 37, '0', 0, 0, 0, 0),
(1288, 1, 26, 38, '0', 0, 0, 0, 0),
(1289, 1, 26, 39, '0', 0, 0, 0, 0),
(1290, 1, 26, 40, '0', 0, 0, 0, 0),
(1291, 1, 26, 41, '0', 0, 0, 0, 0),
(1292, 1, 26, 42, '0', 0, 0, 0, 0),
(1293, 1, 26, 43, '0', 0, 0, 0, 0),
(1294, 1, 26, 44, '0', 0, 0, 0, 0),
(1295, 1, 26, 45, '0', 0, 0, 0, 0),
(1296, 1, 26, 46, '0', 0, 0, 0, 0),
(1297, 1, 26, 47, '0', 0, 0, 0, 0),
(1298, 1, 26, 48, '0', 0, 0, 0, 0),
(1299, 1, 26, 49, '0', 0, 0, 0, 0),
(1300, 1, 26, 50, '0', 0, 0, 0, 0),
(1301, 1, 27, 1, '0', 0, 0, 0, 0),
(1302, 1, 27, 2, '0', 0, 0, 0, 0),
(1303, 1, 27, 3, '0', 0, 0, 0, 0),
(1304, 1, 27, 4, '0', 0, 0, 0, 0),
(1305, 1, 27, 5, '0', 0, 0, 0, 0),
(1306, 1, 27, 6, '0', 0, 0, 0, 0),
(1307, 1, 27, 7, '0', 0, 0, 0, 0),
(1308, 1, 27, 8, '0', 0, 0, 0, 0),
(1309, 1, 27, 9, '0', 0, 0, 0, 0),
(1310, 1, 27, 10, '0', 0, 0, 0, 0),
(1311, 1, 27, 11, '0', 0, 0, 0, 0),
(1312, 1, 27, 12, '0', 0, 0, 0, 0),
(1313, 1, 27, 13, '0', 0, 0, 0, 0),
(1314, 1, 27, 14, '0', 0, 0, 0, 0),
(1315, 1, 27, 15, '0', 0, 0, 0, 0),
(1316, 1, 27, 16, '0', 0, 0, 0, 0),
(1317, 1, 27, 17, '0', 0, 0, 0, 0),
(1318, 1, 27, 18, '0', 0, 0, 0, 0),
(1319, 1, 27, 19, '0', 0, 0, 0, 0),
(1320, 1, 27, 20, '0', 0, 0, 0, 0),
(1321, 1, 27, 21, '0', 0, 0, 0, 0),
(1322, 1, 27, 22, '0', 0, 0, 0, 0),
(1323, 1, 27, 23, '0', 0, 0, 0, 0),
(1324, 1, 27, 24, '0', 0, 0, 0, 0),
(1325, 1, 27, 25, '0', 0, 0, 0, 0),
(1326, 1, 27, 26, '0', 0, 0, 0, 0),
(1327, 1, 27, 27, '0', 0, 0, 0, 0),
(1328, 1, 27, 28, '0', 0, 0, 0, 0),
(1329, 1, 27, 29, '0', 0, 0, 0, 0),
(1330, 1, 27, 30, '0', 0, 0, 0, 0),
(1331, 1, 27, 31, '0', 0, 0, 0, 0),
(1332, 1, 27, 32, '0', 0, 0, 0, 0),
(1333, 1, 27, 33, '0', 0, 0, 0, 0),
(1334, 1, 27, 34, '0', 0, 0, 0, 0),
(1335, 1, 27, 35, '0', 0, 0, 0, 0),
(1336, 1, 27, 36, '0', 0, 0, 0, 0),
(1337, 1, 27, 37, '0', 0, 0, 0, 0),
(1338, 1, 27, 38, '0', 0, 0, 0, 0),
(1339, 1, 27, 39, '0', 0, 0, 0, 0),
(1340, 1, 27, 40, '0', 0, 0, 0, 0),
(1341, 1, 27, 41, '0', 0, 0, 0, 0),
(1342, 1, 27, 42, '0', 0, 0, 0, 0),
(1343, 1, 27, 43, '0', 0, 0, 0, 0),
(1344, 1, 27, 44, '0', 0, 0, 0, 0),
(1345, 1, 27, 45, '0', 0, 0, 0, 0),
(1346, 1, 27, 46, '0', 0, 0, 0, 0),
(1347, 1, 27, 47, '0', 0, 0, 0, 0),
(1348, 1, 27, 48, '0', 0, 0, 0, 0),
(1349, 1, 27, 49, '0', 0, 0, 0, 0),
(1350, 1, 27, 50, '0', 0, 0, 0, 0),
(1351, 1, 28, 1, '0', 0, 0, 0, 0),
(1352, 1, 28, 2, '0', 0, 0, 0, 0),
(1353, 1, 28, 3, '0', 0, 0, 0, 0),
(1354, 1, 28, 4, '0', 0, 0, 0, 0),
(1355, 1, 28, 5, '0', 0, 0, 0, 0),
(1356, 1, 28, 6, '0', 0, 0, 0, 0),
(1357, 1, 28, 7, '0', 0, 0, 0, 0),
(1358, 1, 28, 8, '0', 0, 0, 0, 0),
(1359, 1, 28, 9, '0', 0, 0, 0, 0),
(1360, 1, 28, 10, '0', 0, 0, 0, 0),
(1361, 1, 28, 11, '0', 0, 0, 0, 0),
(1362, 1, 28, 12, '0', 0, 0, 0, 0),
(1363, 1, 28, 13, '0', 0, 0, 0, 0),
(1364, 1, 28, 14, '0', 0, 0, 0, 0),
(1365, 1, 28, 15, '0', 0, 0, 0, 0),
(1366, 1, 28, 16, '0', 0, 0, 0, 0),
(1367, 1, 28, 17, '0', 0, 0, 0, 0),
(1368, 1, 28, 18, '0', 0, 0, 0, 0),
(1369, 1, 28, 19, '0', 0, 0, 0, 0),
(1370, 1, 28, 20, '0', 0, 0, 0, 0),
(1371, 1, 28, 21, '0', 0, 0, 0, 0),
(1372, 1, 28, 22, '0', 0, 0, 0, 0),
(1373, 1, 28, 23, '0', 0, 0, 0, 0),
(1374, 1, 28, 24, '0', 0, 0, 0, 0),
(1375, 1, 28, 25, '0', 0, 0, 0, 0),
(1376, 1, 28, 26, '0', 0, 0, 0, 0),
(1377, 1, 28, 27, '0', 0, 0, 0, 0),
(1378, 1, 28, 28, '0', 0, 0, 0, 0),
(1379, 1, 28, 29, '0', 0, 0, 0, 0),
(1380, 1, 28, 30, '0', 0, 0, 0, 0),
(1381, 1, 28, 31, '0', 0, 0, 0, 0),
(1382, 1, 28, 32, '0', 0, 0, 0, 0),
(1383, 1, 28, 33, '0', 0, 0, 0, 0),
(1384, 1, 28, 34, '0', 0, 0, 0, 0),
(1385, 1, 28, 35, '0', 0, 0, 0, 0),
(1386, 1, 28, 36, '0', 0, 0, 0, 0),
(1387, 1, 28, 37, '0', 0, 0, 0, 0),
(1388, 1, 28, 38, '0', 0, 0, 0, 0),
(1389, 1, 28, 39, '0', 0, 0, 0, 0),
(1390, 1, 28, 40, '0', 0, 0, 0, 0),
(1391, 1, 28, 41, '0', 0, 0, 0, 0),
(1392, 1, 28, 42, '0', 0, 0, 0, 0),
(1393, 1, 28, 43, '0', 0, 0, 0, 0),
(1394, 1, 28, 44, '0', 0, 0, 0, 0),
(1395, 1, 28, 45, '0', 0, 0, 0, 0),
(1396, 1, 28, 46, '0', 0, 0, 0, 0),
(1397, 1, 28, 47, '0', 0, 0, 0, 0),
(1398, 1, 28, 48, '0', 0, 0, 0, 0),
(1399, 1, 28, 49, '0', 0, 0, 0, 0),
(1400, 1, 28, 50, '0', 0, 0, 0, 0),
(1401, 1, 29, 1, '0', 0, 0, 0, 0),
(1402, 1, 29, 2, '0', 0, 0, 0, 0),
(1403, 1, 29, 3, '0', 0, 0, 0, 0),
(1404, 1, 29, 4, '0', 0, 0, 0, 0),
(1405, 1, 29, 5, '0', 0, 0, 0, 0),
(1406, 1, 29, 6, '0', 0, 0, 0, 0),
(1407, 1, 29, 7, '0', 0, 0, 0, 0),
(1408, 1, 29, 8, '0', 0, 0, 0, 0),
(1409, 1, 29, 9, '0', 0, 0, 0, 0),
(1410, 1, 29, 10, '0', 0, 0, 0, 0),
(1411, 1, 29, 11, '0', 0, 0, 0, 0),
(1412, 1, 29, 12, '0', 0, 0, 0, 0),
(1413, 1, 29, 13, '0', 0, 0, 0, 0),
(1414, 1, 29, 14, '0', 0, 0, 0, 0),
(1415, 1, 29, 15, '0', 0, 0, 0, 0),
(1416, 1, 29, 16, '0', 0, 0, 0, 0),
(1417, 1, 29, 17, '0', 0, 0, 0, 0),
(1418, 1, 29, 18, '0', 0, 0, 0, 0),
(1419, 1, 29, 19, '0', 0, 0, 0, 0),
(1420, 1, 29, 20, '0', 0, 0, 0, 0),
(1421, 1, 29, 21, '0', 0, 0, 0, 0),
(1422, 1, 29, 22, '0', 0, 0, 0, 0),
(1423, 1, 29, 23, '0', 0, 0, 0, 0),
(1424, 1, 29, 24, '0', 0, 0, 0, 0),
(1425, 1, 29, 25, '0', 0, 0, 0, 0),
(1426, 1, 29, 26, '0', 0, 0, 0, 0),
(1427, 1, 29, 27, '0', 0, 0, 0, 0),
(1428, 1, 29, 28, '0', 0, 0, 0, 0),
(1429, 1, 29, 29, '0', 0, 0, 0, 0),
(1430, 1, 29, 30, '0', 0, 0, 0, 0),
(1431, 1, 29, 31, '0', 0, 0, 0, 0),
(1432, 1, 29, 32, '0', 0, 0, 0, 0),
(1433, 1, 29, 33, '0', 0, 0, 0, 0),
(1434, 1, 29, 34, '0', 0, 0, 0, 0),
(1435, 1, 29, 35, '0', 0, 0, 0, 0),
(1436, 1, 29, 36, '0', 0, 0, 0, 0),
(1437, 1, 29, 37, '0', 0, 0, 0, 0),
(1438, 1, 29, 38, '0', 0, 0, 0, 0),
(1439, 1, 29, 39, '0', 0, 0, 0, 0),
(1440, 1, 29, 40, '0', 0, 0, 0, 0),
(1441, 1, 29, 41, '0', 0, 0, 0, 0),
(1442, 1, 29, 42, '0', 0, 0, 0, 0),
(1443, 1, 29, 43, '0', 0, 0, 0, 0),
(1444, 1, 29, 44, '0', 0, 0, 0, 0),
(1445, 1, 29, 45, '0', 0, 0, 0, 0),
(1446, 1, 29, 46, '0', 0, 0, 0, 0),
(1447, 1, 29, 47, '0', 0, 0, 0, 0),
(1448, 1, 29, 48, '0', 0, 0, 0, 0),
(1449, 1, 29, 49, '0', 0, 0, 0, 0),
(1450, 1, 29, 50, '0', 0, 0, 0, 0),
(1451, 1, 30, 1, '0', 0, 0, 0, 0),
(1452, 1, 30, 2, '0', 0, 0, 0, 0),
(1453, 1, 30, 3, '0', 0, 0, 0, 0),
(1454, 1, 30, 4, '0', 0, 0, 0, 0),
(1455, 1, 30, 5, '0', 0, 0, 0, 0),
(1456, 1, 30, 6, '0', 0, 0, 0, 0),
(1457, 1, 30, 7, '0', 0, 0, 0, 0),
(1458, 1, 30, 8, '0', 0, 0, 0, 0),
(1459, 1, 30, 9, '0', 0, 0, 0, 0),
(1460, 1, 30, 10, '0', 0, 0, 0, 0),
(1461, 1, 30, 11, '0', 0, 0, 0, 0),
(1462, 1, 30, 12, '0', 0, 0, 0, 0),
(1463, 1, 30, 13, '0', 0, 0, 0, 0),
(1464, 1, 30, 14, '0', 0, 0, 0, 0),
(1465, 1, 30, 15, '0', 0, 0, 0, 0),
(1466, 1, 30, 16, '0', 0, 0, 0, 0),
(1467, 1, 30, 17, '0', 0, 0, 0, 0),
(1468, 1, 30, 18, '0', 0, 0, 0, 0),
(1469, 1, 30, 19, '0', 0, 0, 0, 0),
(1470, 1, 30, 20, '0', 0, 0, 0, 0),
(1471, 1, 30, 21, '0', 0, 0, 0, 0),
(1472, 1, 30, 22, '0', 0, 0, 0, 0),
(1473, 1, 30, 23, '0', 0, 0, 0, 0),
(1474, 1, 30, 24, '0', 0, 0, 0, 0),
(1475, 1, 30, 25, '0', 0, 0, 0, 0),
(1476, 1, 30, 26, '0', 0, 0, 0, 0),
(1477, 1, 30, 27, '0', 0, 0, 0, 0),
(1478, 1, 30, 28, '0', 0, 0, 0, 0),
(1479, 1, 30, 29, '0', 0, 0, 0, 0),
(1480, 1, 30, 30, '0', 0, 0, 0, 0),
(1481, 1, 30, 31, '0', 0, 0, 0, 0),
(1482, 1, 30, 32, '0', 0, 0, 0, 0),
(1483, 1, 30, 33, '0', 0, 0, 0, 0),
(1484, 1, 30, 34, '0', 0, 0, 0, 0),
(1485, 1, 30, 35, '0', 0, 0, 0, 0),
(1486, 1, 30, 36, '0', 0, 0, 0, 0),
(1487, 1, 30, 37, '0', 0, 0, 0, 0),
(1488, 1, 30, 38, '0', 0, 0, 0, 0),
(1489, 1, 30, 39, '0', 0, 0, 0, 0),
(1490, 1, 30, 40, '0', 0, 0, 0, 0),
(1491, 1, 30, 41, '0', 0, 0, 0, 0),
(1492, 1, 30, 42, '0', 0, 0, 0, 0),
(1493, 1, 30, 43, '0', 0, 0, 0, 0),
(1494, 1, 30, 44, '0', 0, 0, 0, 0),
(1495, 1, 30, 45, '0', 0, 0, 0, 0),
(1496, 1, 30, 46, '0', 0, 0, 0, 0),
(1497, 1, 30, 47, '0', 0, 0, 0, 0),
(1498, 1, 30, 48, '0', 0, 0, 0, 0),
(1499, 1, 30, 49, '0', 0, 0, 0, 0),
(1500, 1, 30, 50, '0', 0, 0, 0, 0),
(1501, 1, 31, 1, '0', 0, 0, 0, 0),
(1502, 1, 31, 2, '0', 0, 0, 0, 0),
(1503, 1, 31, 3, '0', 0, 0, 0, 0),
(1504, 1, 31, 4, '0', 0, 0, 0, 0),
(1505, 1, 31, 5, '0', 0, 0, 0, 0),
(1506, 1, 31, 6, '0', 0, 0, 0, 0),
(1507, 1, 31, 7, '0', 0, 0, 0, 0),
(1508, 1, 31, 8, '0', 0, 0, 0, 0),
(1509, 1, 31, 9, '0', 0, 0, 0, 0),
(1510, 1, 31, 10, '0', 0, 0, 0, 0),
(1511, 1, 31, 11, '0', 0, 0, 0, 0),
(1512, 1, 31, 12, '0', 0, 0, 0, 0),
(1513, 1, 31, 13, '0', 0, 0, 0, 0),
(1514, 1, 31, 14, '0', 0, 0, 0, 0),
(1515, 1, 31, 15, '0', 0, 0, 0, 0),
(1516, 1, 31, 16, '0', 0, 0, 0, 0),
(1517, 1, 31, 17, '0', 0, 0, 0, 0),
(1518, 1, 31, 18, '0', 0, 0, 0, 0),
(1519, 1, 31, 19, '0', 0, 0, 0, 0),
(1520, 1, 31, 20, '0', 0, 0, 0, 0),
(1521, 1, 31, 21, '0', 0, 0, 0, 0);
INSERT INTO `cases` (`id`, `idcarte`, `x`, `y`, `vision`, `idunite`, `iddecors`, `etatCase`, `bloque`) VALUES
(1522, 1, 31, 22, '0', 0, 0, 0, 0),
(1523, 1, 31, 23, '0', 0, 0, 0, 0),
(1524, 1, 31, 24, '0', 0, 0, 0, 0),
(1525, 1, 31, 25, '0', 0, 0, 0, 0),
(1526, 1, 31, 26, '0', 0, 0, 0, 0),
(1527, 1, 31, 27, '0', 0, 0, 0, 0),
(1528, 1, 31, 28, '0', 0, 0, 0, 0),
(1529, 1, 31, 29, '0', 0, 0, 0, 0),
(1530, 1, 31, 30, '0', 0, 0, 0, 0),
(1531, 1, 31, 31, '0', 0, 0, 0, 0),
(1532, 1, 31, 32, '0', 0, 0, 0, 0),
(1533, 1, 31, 33, '0', 0, 0, 0, 0),
(1534, 1, 31, 34, '0', 0, 0, 0, 0),
(1535, 1, 31, 35, '0', 0, 0, 0, 0),
(1536, 1, 31, 36, '0', 0, 0, 0, 0),
(1537, 1, 31, 37, '0', 0, 0, 0, 0),
(1538, 1, 31, 38, '0', 0, 0, 0, 0),
(1539, 1, 31, 39, '0', 0, 0, 0, 0),
(1540, 1, 31, 40, '0', 0, 0, 0, 0),
(1541, 1, 31, 41, '0', 0, 0, 0, 0),
(1542, 1, 31, 42, '0', 0, 0, 0, 0),
(1543, 1, 31, 43, '0', 0, 0, 0, 0),
(1544, 1, 31, 44, '0', 0, 0, 0, 0),
(1545, 1, 31, 45, '0', 0, 0, 0, 0),
(1546, 1, 31, 46, '0', 0, 0, 0, 0),
(1547, 1, 31, 47, '0', 0, 0, 0, 0),
(1548, 1, 31, 48, '0', 0, 0, 0, 0),
(1549, 1, 31, 49, '0', 0, 0, 0, 0),
(1550, 1, 31, 50, '0', 0, 0, 0, 0),
(1551, 1, 32, 1, '0', 0, 0, 0, 0),
(1552, 1, 32, 2, '0', 0, 0, 0, 0),
(1553, 1, 32, 3, '0', 0, 0, 0, 0),
(1554, 1, 32, 4, '0', 0, 0, 0, 0),
(1555, 1, 32, 5, '0', 0, 0, 0, 0),
(1556, 1, 32, 6, '0', 0, 0, 0, 0),
(1557, 1, 32, 7, '0', 0, 0, 0, 0),
(1558, 1, 32, 8, '0', 0, 0, 0, 0),
(1559, 1, 32, 9, '0', 0, 0, 0, 0),
(1560, 1, 32, 10, '0', 0, 0, 0, 0),
(1561, 1, 32, 11, '0', 0, 0, 0, 0),
(1562, 1, 32, 12, '0', 0, 0, 0, 0),
(1563, 1, 32, 13, '0', 0, 0, 0, 0),
(1564, 1, 32, 14, '0', 0, 0, 0, 0),
(1565, 1, 32, 15, '0', 0, 0, 0, 0),
(1566, 1, 32, 16, '0', 0, 0, 0, 0),
(1567, 1, 32, 17, '0', 0, 0, 0, 0),
(1568, 1, 32, 18, '0', 0, 0, 0, 0),
(1569, 1, 32, 19, '0', 0, 0, 0, 0),
(1570, 1, 32, 20, '0', 0, 0, 0, 0),
(1571, 1, 32, 21, '0', 0, 0, 0, 0),
(1572, 1, 32, 22, '0', 0, 0, 0, 0),
(1573, 1, 32, 23, '0', 0, 0, 0, 0),
(1574, 1, 32, 24, '0', 0, 0, 0, 0),
(1575, 1, 32, 25, '0', 0, 0, 0, 0),
(1576, 1, 32, 26, '0', 0, 0, 0, 0),
(1577, 1, 32, 27, '0', 0, 0, 0, 0),
(1578, 1, 32, 28, '0', 0, 0, 0, 0),
(1579, 1, 32, 29, '0', 0, 0, 0, 0),
(1580, 1, 32, 30, '0', 0, 0, 0, 0),
(1581, 1, 32, 31, '0', 0, 0, 0, 0),
(1582, 1, 32, 32, '0', 0, 0, 0, 0),
(1583, 1, 32, 33, '0', 0, 0, 0, 0),
(1584, 1, 32, 34, '0', 0, 0, 0, 0),
(1585, 1, 32, 35, '0', 0, 0, 0, 0),
(1586, 1, 32, 36, '0', 0, 0, 0, 0),
(1587, 1, 32, 37, '0', 0, 0, 0, 0),
(1588, 1, 32, 38, '0', 0, 0, 0, 0),
(1589, 1, 32, 39, '0', 0, 0, 0, 0),
(1590, 1, 32, 40, '0', 0, 0, 0, 0),
(1591, 1, 32, 41, '0', 0, 0, 0, 0),
(1592, 1, 32, 42, '0', 0, 0, 0, 0),
(1593, 1, 32, 43, '0', 0, 0, 0, 0),
(1594, 1, 32, 44, '0', 0, 0, 0, 0),
(1595, 1, 32, 45, '0', 0, 0, 0, 0),
(1596, 1, 32, 46, '0', 0, 0, 0, 0),
(1597, 1, 32, 47, '0', 0, 0, 0, 0),
(1598, 1, 32, 48, '0', 0, 0, 0, 0),
(1599, 1, 32, 49, '0', 0, 0, 0, 0),
(1600, 1, 32, 50, '0', 0, 0, 0, 0),
(1601, 1, 33, 1, '0', 0, 0, 0, 0),
(1602, 1, 33, 2, '0', 0, 0, 0, 0),
(1603, 1, 33, 3, '0', 0, 0, 0, 0),
(1604, 1, 33, 4, '0', 0, 0, 0, 0),
(1605, 1, 33, 5, '0', 0, 0, 0, 0),
(1606, 1, 33, 6, '0', 0, 0, 0, 0),
(1607, 1, 33, 7, '0', 0, 0, 0, 0),
(1608, 1, 33, 8, '0', 0, 0, 0, 0),
(1609, 1, 33, 9, '0', 0, 0, 0, 0),
(1610, 1, 33, 10, '0', 0, 0, 0, 0),
(1611, 1, 33, 11, '0', 0, 0, 0, 0),
(1612, 1, 33, 12, '0', 0, 0, 0, 0),
(1613, 1, 33, 13, '0', 0, 0, 0, 0),
(1614, 1, 33, 14, '0', 0, 0, 0, 0),
(1615, 1, 33, 15, '0', 0, 0, 0, 0),
(1616, 1, 33, 16, '0', 0, 0, 0, 0),
(1617, 1, 33, 17, '0', 0, 0, 0, 0),
(1618, 1, 33, 18, '0', 0, 0, 0, 0),
(1619, 1, 33, 19, '0', 0, 0, 0, 0),
(1620, 1, 33, 20, '0', 0, 0, 0, 0),
(1621, 1, 33, 21, '0', 0, 0, 0, 0),
(1622, 1, 33, 22, '0', 0, 0, 0, 0),
(1623, 1, 33, 23, '0', 0, 0, 0, 0),
(1624, 1, 33, 24, '0', 0, 0, 0, 0),
(1625, 1, 33, 25, '0', 0, 0, 0, 0),
(1626, 1, 33, 26, '0', 0, 0, 0, 0),
(1627, 1, 33, 27, '0', 0, 0, 0, 0),
(1628, 1, 33, 28, '0', 0, 0, 0, 0),
(1629, 1, 33, 29, '0', 0, 0, 0, 0),
(1630, 1, 33, 30, '0', 0, 0, 0, 0),
(1631, 1, 33, 31, '0', 0, 0, 0, 0),
(1632, 1, 33, 32, '0', 0, 0, 0, 0),
(1633, 1, 33, 33, '0', 0, 0, 0, 0),
(1634, 1, 33, 34, '0', 0, 0, 0, 0),
(1635, 1, 33, 35, '0', 0, 0, 0, 0),
(1636, 1, 33, 36, '0', 0, 0, 0, 0),
(1637, 1, 33, 37, '0', 0, 0, 0, 0),
(1638, 1, 33, 38, '0', 0, 0, 0, 0),
(1639, 1, 33, 39, '0', 0, 0, 0, 0),
(1640, 1, 33, 40, '0', 0, 0, 0, 0),
(1641, 1, 33, 41, '0', 0, 0, 0, 0),
(1642, 1, 33, 42, '0', 0, 0, 0, 0),
(1643, 1, 33, 43, '0', 0, 0, 0, 0),
(1644, 1, 33, 44, '0', 0, 0, 0, 0),
(1645, 1, 33, 45, '0', 0, 0, 0, 0),
(1646, 1, 33, 46, '0', 0, 0, 0, 0),
(1647, 1, 33, 47, '0', 0, 0, 0, 0),
(1648, 1, 33, 48, '0', 0, 0, 0, 0),
(1649, 1, 33, 49, '0', 0, 0, 0, 0),
(1650, 1, 33, 50, '0', 0, 0, 0, 0),
(1651, 1, 34, 1, '0', 0, 0, 0, 0),
(1652, 1, 34, 2, '0', 0, 0, 0, 0),
(1653, 1, 34, 3, '0', 0, 0, 0, 0),
(1654, 1, 34, 4, '0', 0, 0, 0, 0),
(1655, 1, 34, 5, '0', 0, 0, 0, 0),
(1656, 1, 34, 6, '0', 0, 0, 0, 0),
(1657, 1, 34, 7, '0', 0, 0, 0, 0),
(1658, 1, 34, 8, '0', 0, 0, 0, 0),
(1659, 1, 34, 9, '0', 0, 0, 0, 0),
(1660, 1, 34, 10, '0', 0, 0, 0, 0),
(1661, 1, 34, 11, '0', 0, 0, 0, 0),
(1662, 1, 34, 12, '0', 0, 0, 0, 0),
(1663, 1, 34, 13, '0', 0, 0, 0, 0),
(1664, 1, 34, 14, '0', 0, 0, 0, 0),
(1665, 1, 34, 15, '0', 0, 0, 0, 0),
(1666, 1, 34, 16, '0', 0, 0, 0, 0),
(1667, 1, 34, 17, '0', 0, 0, 0, 0),
(1668, 1, 34, 18, '0', 0, 0, 0, 0),
(1669, 1, 34, 19, '0', 0, 0, 0, 0),
(1670, 1, 34, 20, '0', 0, 0, 0, 0),
(1671, 1, 34, 21, '0', 0, 0, 0, 0),
(1672, 1, 34, 22, '0', 0, 0, 0, 0),
(1673, 1, 34, 23, '0', 0, 0, 0, 0),
(1674, 1, 34, 24, '0', 0, 0, 0, 0),
(1675, 1, 34, 25, '0', 0, 0, 0, 0),
(1676, 1, 34, 26, '0', 0, 0, 0, 0),
(1677, 1, 34, 27, '0', 0, 0, 0, 0),
(1678, 1, 34, 28, '0', 0, 0, 0, 0),
(1679, 1, 34, 29, '0', 0, 0, 0, 0),
(1680, 1, 34, 30, '0', 0, 0, 0, 0),
(1681, 1, 34, 31, '0', 0, 0, 0, 0),
(1682, 1, 34, 32, '0', 0, 0, 0, 0),
(1683, 1, 34, 33, '0', 0, 0, 0, 0),
(1684, 1, 34, 34, '0', 0, 0, 0, 0),
(1685, 1, 34, 35, '0', 0, 0, 0, 0),
(1686, 1, 34, 36, '0', 0, 0, 0, 0),
(1687, 1, 34, 37, '0', 0, 0, 0, 0),
(1688, 1, 34, 38, '0', 0, 0, 0, 0),
(1689, 1, 34, 39, '0', 0, 0, 0, 0),
(1690, 1, 34, 40, '0', 0, 0, 0, 0),
(1691, 1, 34, 41, '0', 0, 0, 0, 0),
(1692, 1, 34, 42, '0', 0, 0, 0, 0),
(1693, 1, 34, 43, '0', 0, 0, 0, 0),
(1694, 1, 34, 44, '0', 0, 0, 0, 0),
(1695, 1, 34, 45, '0', 0, 0, 0, 0),
(1696, 1, 34, 46, '0', 0, 0, 0, 0),
(1697, 1, 34, 47, '0', 0, 0, 0, 0),
(1698, 1, 34, 48, '0', 0, 0, 0, 0),
(1699, 1, 34, 49, '0', 0, 0, 0, 0),
(1700, 1, 34, 50, '0', 0, 0, 0, 0),
(1701, 1, 35, 1, '0', 0, 0, 0, 0),
(1702, 1, 35, 2, '0', 0, 0, 0, 0),
(1703, 1, 35, 3, '0', 0, 0, 0, 0),
(1704, 1, 35, 4, '0', 0, 0, 0, 0),
(1705, 1, 35, 5, '0', 0, 0, 0, 0),
(1706, 1, 35, 6, '0', 0, 0, 0, 0),
(1707, 1, 35, 7, '0', 0, 0, 0, 0),
(1708, 1, 35, 8, '0', 0, 0, 0, 0),
(1709, 1, 35, 9, '0', 0, 0, 0, 0),
(1710, 1, 35, 10, '0', 0, 0, 0, 0),
(1711, 1, 35, 11, '0', 0, 0, 0, 0),
(1712, 1, 35, 12, '0', 0, 0, 0, 0),
(1713, 1, 35, 13, '0', 0, 0, 0, 0),
(1714, 1, 35, 14, '0', 0, 0, 0, 0),
(1715, 1, 35, 15, '0', 0, 0, 0, 0),
(1716, 1, 35, 16, '0', 0, 0, 0, 0),
(1717, 1, 35, 17, '0', 0, 0, 0, 0),
(1718, 1, 35, 18, '0', 0, 0, 0, 0),
(1719, 1, 35, 19, '0', 0, 0, 0, 0),
(1720, 1, 35, 20, '0', 0, 0, 0, 0),
(1721, 1, 35, 21, '0', 0, 0, 0, 0),
(1722, 1, 35, 22, '0', 0, 0, 0, 0),
(1723, 1, 35, 23, '0', 0, 0, 0, 0),
(1724, 1, 35, 24, '0', 0, 0, 0, 0),
(1725, 1, 35, 25, '0', 0, 0, 0, 0),
(1726, 1, 35, 26, '0', 0, 0, 0, 0),
(1727, 1, 35, 27, '0', 0, 0, 0, 0),
(1728, 1, 35, 28, '0', 0, 0, 0, 0),
(1729, 1, 35, 29, '0', 0, 0, 0, 0),
(1730, 1, 35, 30, '0', 0, 0, 0, 0),
(1731, 1, 35, 31, '0', 0, 0, 0, 0),
(1732, 1, 35, 32, '0', 0, 0, 0, 0),
(1733, 1, 35, 33, '0', 0, 0, 0, 0),
(1734, 1, 35, 34, '0', 0, 0, 0, 0),
(1735, 1, 35, 35, '0', 0, 0, 0, 0),
(1736, 1, 35, 36, '0', 0, 0, 0, 0),
(1737, 1, 35, 37, '0', 0, 0, 0, 0),
(1738, 1, 35, 38, '0', 0, 0, 0, 0),
(1739, 1, 35, 39, '0', 0, 0, 0, 0),
(1740, 1, 35, 40, '0', 0, 0, 0, 0),
(1741, 1, 35, 41, '0', 0, 0, 0, 0),
(1742, 1, 35, 42, '0', 0, 0, 0, 0),
(1743, 1, 35, 43, '0', 0, 0, 0, 0),
(1744, 1, 35, 44, '0', 0, 0, 0, 0),
(1745, 1, 35, 45, '0', 0, 0, 0, 0),
(1746, 1, 35, 46, '0', 0, 0, 0, 0),
(1747, 1, 35, 47, '0', 0, 0, 0, 0),
(1748, 1, 35, 48, '0', 0, 0, 0, 0),
(1749, 1, 35, 49, '0', 0, 0, 0, 0),
(1750, 1, 35, 50, '0', 0, 0, 0, 0),
(1751, 1, 36, 1, '0', 0, 0, 0, 0),
(1752, 1, 36, 2, '0', 0, 0, 0, 0),
(1753, 1, 36, 3, '0', 0, 0, 0, 0),
(1754, 1, 36, 4, '0', 0, 0, 0, 0),
(1755, 1, 36, 5, '0', 0, 0, 0, 0),
(1756, 1, 36, 6, '0', 0, 0, 0, 0),
(1757, 1, 36, 7, '0', 0, 0, 0, 0),
(1758, 1, 36, 8, '0', 0, 0, 0, 0),
(1759, 1, 36, 9, '0', 0, 0, 0, 0),
(1760, 1, 36, 10, '0', 0, 0, 0, 0),
(1761, 1, 36, 11, '0', 0, 0, 0, 0),
(1762, 1, 36, 12, '0', 0, 0, 0, 0),
(1763, 1, 36, 13, '0', 0, 0, 0, 0),
(1764, 1, 36, 14, '0', 0, 0, 0, 0),
(1765, 1, 36, 15, '0', 0, 0, 0, 0),
(1766, 1, 36, 16, '0', 0, 0, 0, 0),
(1767, 1, 36, 17, '0', 0, 0, 0, 0),
(1768, 1, 36, 18, '0', 0, 0, 0, 0),
(1769, 1, 36, 19, '0', 0, 0, 0, 0),
(1770, 1, 36, 20, '0', 0, 0, 0, 0),
(1771, 1, 36, 21, '0', 0, 0, 0, 0),
(1772, 1, 36, 22, '0', 0, 0, 0, 0),
(1773, 1, 36, 23, '0', 0, 0, 0, 0),
(1774, 1, 36, 24, '0', 0, 0, 0, 0),
(1775, 1, 36, 25, '0', 0, 0, 0, 0),
(1776, 1, 36, 26, '0', 0, 0, 0, 0),
(1777, 1, 36, 27, '0', 0, 0, 0, 0),
(1778, 1, 36, 28, '0', 0, 0, 0, 0),
(1779, 1, 36, 29, '0', 0, 0, 0, 0),
(1780, 1, 36, 30, '0', 0, 0, 0, 0),
(1781, 1, 36, 31, '0', 0, 0, 0, 0),
(1782, 1, 36, 32, '0', 0, 0, 0, 0),
(1783, 1, 36, 33, '0', 0, 0, 0, 0),
(1784, 1, 36, 34, '0', 0, 0, 0, 0),
(1785, 1, 36, 35, '0', 0, 0, 0, 0),
(1786, 1, 36, 36, '0', 0, 0, 0, 0),
(1787, 1, 36, 37, '0', 0, 0, 0, 0),
(1788, 1, 36, 38, '0', 0, 0, 0, 0),
(1789, 1, 36, 39, '0', 0, 0, 0, 0),
(1790, 1, 36, 40, '0', 0, 0, 0, 0),
(1791, 1, 36, 41, '0', 0, 0, 0, 0),
(1792, 1, 36, 42, '0', 0, 0, 0, 0),
(1793, 1, 36, 43, '0', 0, 0, 0, 0),
(1794, 1, 36, 44, '0', 0, 0, 0, 0),
(1795, 1, 36, 45, '0', 0, 0, 0, 0),
(1796, 1, 36, 46, '0', 0, 0, 0, 0),
(1797, 1, 36, 47, '0', 0, 0, 0, 0),
(1798, 1, 36, 48, '0', 0, 0, 0, 0),
(1799, 1, 36, 49, '0', 0, 0, 0, 0),
(1800, 1, 36, 50, '0', 0, 0, 0, 0),
(1801, 1, 37, 1, '0', 0, 0, 0, 0),
(1802, 1, 37, 2, '0', 0, 0, 0, 0),
(1803, 1, 37, 3, '0', 0, 0, 0, 0),
(1804, 1, 37, 4, '0', 0, 0, 0, 0),
(1805, 1, 37, 5, '0', 0, 0, 0, 0),
(1806, 1, 37, 6, '0', 0, 0, 0, 0),
(1807, 1, 37, 7, '0', 0, 0, 0, 0),
(1808, 1, 37, 8, '0', 0, 0, 0, 0),
(1809, 1, 37, 9, '0', 0, 0, 0, 0),
(1810, 1, 37, 10, '0', 0, 0, 0, 0),
(1811, 1, 37, 11, '0', 0, 0, 0, 0),
(1812, 1, 37, 12, '0', 0, 0, 0, 0),
(1813, 1, 37, 13, '0', 0, 0, 0, 0),
(1814, 1, 37, 14, '0', 0, 0, 0, 0),
(1815, 1, 37, 15, '0', 0, 0, 0, 0),
(1816, 1, 37, 16, '0', 0, 0, 0, 0),
(1817, 1, 37, 17, '0', 0, 0, 0, 0),
(1818, 1, 37, 18, '0', 0, 0, 0, 0),
(1819, 1, 37, 19, '0', 0, 0, 0, 0),
(1820, 1, 37, 20, '0', 0, 0, 0, 0),
(1821, 1, 37, 21, '0', 0, 0, 0, 0),
(1822, 1, 37, 22, '0', 0, 0, 0, 0),
(1823, 1, 37, 23, '0', 0, 0, 0, 0),
(1824, 1, 37, 24, '0', 0, 0, 0, 0),
(1825, 1, 37, 25, '0', 0, 0, 0, 0),
(1826, 1, 37, 26, '0', 0, 0, 0, 0),
(1827, 1, 37, 27, '0', 0, 0, 0, 0),
(1828, 1, 37, 28, '0', 0, 0, 0, 0),
(1829, 1, 37, 29, '0', 0, 0, 0, 0),
(1830, 1, 37, 30, '0', 0, 0, 0, 0),
(1831, 1, 37, 31, '0', 0, 0, 0, 0),
(1832, 1, 37, 32, '0', 0, 0, 0, 0),
(1833, 1, 37, 33, '0', 0, 0, 0, 0),
(1834, 1, 37, 34, '0', 0, 0, 0, 0),
(1835, 1, 37, 35, '0', 0, 0, 0, 0),
(1836, 1, 37, 36, '0', 0, 0, 0, 0),
(1837, 1, 37, 37, '0', 0, 0, 0, 0),
(1838, 1, 37, 38, '0', 0, 0, 0, 0),
(1839, 1, 37, 39, '0', 0, 0, 0, 0),
(1840, 1, 37, 40, '0', 0, 0, 0, 0),
(1841, 1, 37, 41, '0', 0, 0, 0, 0),
(1842, 1, 37, 42, '0', 0, 0, 0, 0),
(1843, 1, 37, 43, '0', 0, 0, 0, 0),
(1844, 1, 37, 44, '0', 0, 0, 0, 0),
(1845, 1, 37, 45, '0', 0, 0, 0, 0),
(1846, 1, 37, 46, '0', 0, 0, 0, 0),
(1847, 1, 37, 47, '0', 0, 0, 0, 0),
(1848, 1, 37, 48, '0', 0, 0, 0, 0),
(1849, 1, 37, 49, '0', 0, 0, 0, 0),
(1850, 1, 37, 50, '0', 0, 0, 0, 0),
(1851, 1, 38, 1, '0', 0, 0, 0, 0),
(1852, 1, 38, 2, '0', 0, 0, 0, 0),
(1853, 1, 38, 3, '0', 0, 0, 0, 0),
(1854, 1, 38, 4, '0', 0, 0, 0, 0),
(1855, 1, 38, 5, '0', 0, 0, 0, 0),
(1856, 1, 38, 6, '0', 0, 0, 0, 0),
(1857, 1, 38, 7, '0', 0, 0, 0, 0),
(1858, 1, 38, 8, '0', 0, 0, 0, 0),
(1859, 1, 38, 9, '0', 0, 0, 0, 0),
(1860, 1, 38, 10, '0', 0, 0, 0, 0),
(1861, 1, 38, 11, '0', 0, 0, 0, 0),
(1862, 1, 38, 12, '0', 0, 0, 0, 0),
(1863, 1, 38, 13, '0', 0, 0, 0, 0),
(1864, 1, 38, 14, '0', 0, 0, 0, 0),
(1865, 1, 38, 15, '0', 0, 0, 0, 0),
(1866, 1, 38, 16, '0', 0, 0, 0, 0),
(1867, 1, 38, 17, '0', 0, 0, 0, 0),
(1868, 1, 38, 18, '0', 0, 0, 0, 0),
(1869, 1, 38, 19, '0', 0, 0, 0, 0),
(1870, 1, 38, 20, '0', 0, 0, 0, 0),
(1871, 1, 38, 21, '0', 0, 0, 0, 0),
(1872, 1, 38, 22, '0', 0, 0, 0, 0),
(1873, 1, 38, 23, '0', 0, 0, 0, 0),
(1874, 1, 38, 24, '0', 0, 0, 0, 0),
(1875, 1, 38, 25, '0', 0, 0, 0, 0),
(1876, 1, 38, 26, '0', 0, 0, 0, 0),
(1877, 1, 38, 27, '0', 0, 0, 0, 0),
(1878, 1, 38, 28, '0', 0, 0, 0, 0),
(1879, 1, 38, 29, '0', 0, 0, 0, 0),
(1880, 1, 38, 30, '0', 0, 0, 0, 0),
(1881, 1, 38, 31, '0', 0, 0, 0, 0),
(1882, 1, 38, 32, '0', 0, 0, 0, 0),
(1883, 1, 38, 33, '0', 0, 0, 0, 0),
(1884, 1, 38, 34, '0', 0, 0, 0, 0),
(1885, 1, 38, 35, '0', 0, 0, 0, 0),
(1886, 1, 38, 36, '0', 0, 0, 0, 0),
(1887, 1, 38, 37, '0', 0, 0, 0, 0),
(1888, 1, 38, 38, '0', 0, 0, 0, 0),
(1889, 1, 38, 39, '0', 0, 0, 0, 0),
(1890, 1, 38, 40, '0', 0, 0, 0, 0),
(1891, 1, 38, 41, '0', 0, 0, 0, 0),
(1892, 1, 38, 42, '0', 0, 0, 0, 0),
(1893, 1, 38, 43, '0', 0, 0, 0, 0),
(1894, 1, 38, 44, '0', 0, 0, 0, 0),
(1895, 1, 38, 45, '0', 0, 0, 0, 0),
(1896, 1, 38, 46, '0', 0, 0, 0, 0),
(1897, 1, 38, 47, '0', 0, 0, 0, 0),
(1898, 1, 38, 48, '0', 0, 0, 0, 0),
(1899, 1, 38, 49, '0', 0, 0, 0, 0),
(1900, 1, 38, 50, '0', 0, 0, 0, 0),
(1901, 1, 39, 1, '0', 0, 0, 0, 0),
(1902, 1, 39, 2, '0', 0, 0, 0, 0),
(1903, 1, 39, 3, '0', 0, 0, 0, 0),
(1904, 1, 39, 4, '0', 0, 0, 0, 0),
(1905, 1, 39, 5, '0', 0, 0, 0, 0),
(1906, 1, 39, 6, '0', 0, 0, 0, 0),
(1907, 1, 39, 7, '0', 0, 0, 0, 0),
(1908, 1, 39, 8, '0', 0, 0, 0, 0),
(1909, 1, 39, 9, '0', 0, 0, 0, 0),
(1910, 1, 39, 10, '0', 0, 0, 0, 0),
(1911, 1, 39, 11, '0', 0, 0, 0, 0),
(1912, 1, 39, 12, '0', 0, 0, 0, 0),
(1913, 1, 39, 13, '0', 0, 0, 0, 0),
(1914, 1, 39, 14, '0', 0, 0, 0, 0),
(1915, 1, 39, 15, '0', 0, 0, 0, 0),
(1916, 1, 39, 16, '0', 0, 0, 0, 0),
(1917, 1, 39, 17, '0', 0, 0, 0, 0),
(1918, 1, 39, 18, '0', 0, 0, 0, 0),
(1919, 1, 39, 19, '0', 0, 0, 0, 0),
(1920, 1, 39, 20, '0', 0, 0, 0, 0),
(1921, 1, 39, 21, '0', 0, 0, 0, 0),
(1922, 1, 39, 22, '0', 0, 0, 0, 0),
(1923, 1, 39, 23, '0', 0, 0, 0, 0),
(1924, 1, 39, 24, '0', 0, 0, 0, 0),
(1925, 1, 39, 25, '0', 0, 0, 0, 0),
(1926, 1, 39, 26, '0', 0, 0, 0, 0),
(1927, 1, 39, 27, '0', 0, 0, 0, 0),
(1928, 1, 39, 28, '0', 0, 0, 0, 0),
(1929, 1, 39, 29, '0', 0, 0, 0, 0),
(1930, 1, 39, 30, '0', 0, 0, 0, 0),
(1931, 1, 39, 31, '0', 0, 0, 0, 0),
(1932, 1, 39, 32, '0', 0, 0, 0, 0),
(1933, 1, 39, 33, '0', 0, 0, 0, 0),
(1934, 1, 39, 34, '0', 0, 0, 0, 0),
(1935, 1, 39, 35, '0', 0, 0, 0, 0),
(1936, 1, 39, 36, '0', 0, 0, 0, 0),
(1937, 1, 39, 37, '0', 0, 0, 0, 0),
(1938, 1, 39, 38, '0', 0, 0, 0, 0),
(1939, 1, 39, 39, '0', 0, 0, 0, 0),
(1940, 1, 39, 40, '0', 0, 0, 0, 0),
(1941, 1, 39, 41, '0', 0, 0, 0, 0),
(1942, 1, 39, 42, '0', 0, 0, 0, 0),
(1943, 1, 39, 43, '0', 0, 0, 0, 0),
(1944, 1, 39, 44, '0', 0, 0, 0, 0),
(1945, 1, 39, 45, '0', 0, 0, 0, 0),
(1946, 1, 39, 46, '0', 0, 0, 0, 0),
(1947, 1, 39, 47, '0', 0, 0, 0, 0),
(1948, 1, 39, 48, '0', 0, 0, 0, 0),
(1949, 1, 39, 49, '0', 0, 0, 0, 0),
(1950, 1, 39, 50, '0', 0, 0, 0, 0),
(1951, 1, 40, 1, '0', 0, 0, 0, 0),
(1952, 1, 40, 2, '0', 0, 0, 0, 0),
(1953, 1, 40, 3, '0', 0, 0, 0, 0),
(1954, 1, 40, 4, '0', 0, 0, 0, 0),
(1955, 1, 40, 5, '0', 0, 0, 0, 0),
(1956, 1, 40, 6, '0', 0, 0, 0, 0),
(1957, 1, 40, 7, '0', 0, 0, 0, 0),
(1958, 1, 40, 8, '0', 0, 0, 0, 0),
(1959, 1, 40, 9, '0', 0, 0, 0, 0),
(1960, 1, 40, 10, '0', 0, 0, 0, 0),
(1961, 1, 40, 11, '0', 0, 0, 0, 0),
(1962, 1, 40, 12, '0', 0, 0, 0, 0),
(1963, 1, 40, 13, '0', 0, 0, 0, 0),
(1964, 1, 40, 14, '0', 0, 0, 0, 0),
(1965, 1, 40, 15, '0', 0, 0, 0, 0),
(1966, 1, 40, 16, '0', 0, 0, 0, 0),
(1967, 1, 40, 17, '0', 0, 0, 0, 0),
(1968, 1, 40, 18, '0', 0, 0, 0, 0),
(1969, 1, 40, 19, '0', 0, 0, 0, 0),
(1970, 1, 40, 20, '0', 0, 0, 0, 0),
(1971, 1, 40, 21, '0', 0, 0, 0, 0),
(1972, 1, 40, 22, '0', 0, 0, 0, 0),
(1973, 1, 40, 23, '0', 0, 0, 0, 0),
(1974, 1, 40, 24, '0', 0, 0, 0, 0),
(1975, 1, 40, 25, '0', 0, 0, 0, 0),
(1976, 1, 40, 26, '0', 0, 0, 0, 0),
(1977, 1, 40, 27, '0', 0, 0, 0, 0),
(1978, 1, 40, 28, '0', 0, 0, 0, 0),
(1979, 1, 40, 29, '0', 0, 0, 0, 0),
(1980, 1, 40, 30, '0', 0, 0, 0, 0),
(1981, 1, 40, 31, '0', 0, 0, 0, 0),
(1982, 1, 40, 32, '0', 0, 0, 0, 0),
(1983, 1, 40, 33, '0', 0, 0, 0, 0),
(1984, 1, 40, 34, '0', 0, 0, 0, 0),
(1985, 1, 40, 35, '0', 0, 0, 0, 0),
(1986, 1, 40, 36, '0', 0, 0, 0, 0),
(1987, 1, 40, 37, '0', 0, 0, 0, 0),
(1988, 1, 40, 38, '0', 0, 0, 0, 0),
(1989, 1, 40, 39, '0', 0, 0, 0, 0),
(1990, 1, 40, 40, '0', 0, 0, 0, 0),
(1991, 1, 40, 41, '0', 0, 0, 0, 0),
(1992, 1, 40, 42, '0', 0, 0, 0, 0),
(1993, 1, 40, 43, '0', 0, 0, 0, 0),
(1994, 1, 40, 44, '0', 0, 0, 0, 0),
(1995, 1, 40, 45, '0', 0, 0, 0, 0),
(1996, 1, 40, 46, '0', 0, 0, 0, 0),
(1997, 1, 40, 47, '0', 0, 0, 0, 0),
(1998, 1, 40, 48, '0', 0, 0, 0, 0),
(1999, 1, 40, 49, '0', 0, 0, 0, 0),
(2000, 1, 40, 50, '0', 0, 0, 0, 0),
(2001, 1, 41, 1, '0', 0, 0, 0, 0),
(2002, 1, 41, 2, '0', 0, 0, 0, 0),
(2003, 1, 41, 3, '0', 0, 0, 0, 0),
(2004, 1, 41, 4, '0', 0, 0, 0, 0),
(2005, 1, 41, 5, '0', 0, 0, 0, 0),
(2006, 1, 41, 6, '0', 0, 0, 0, 0),
(2007, 1, 41, 7, '0', 0, 0, 0, 0),
(2008, 1, 41, 8, '0', 0, 0, 0, 0),
(2009, 1, 41, 9, '0', 0, 0, 0, 0),
(2010, 1, 41, 10, '0', 0, 0, 0, 0),
(2011, 1, 41, 11, '0', 0, 0, 0, 0),
(2012, 1, 41, 12, '0', 0, 0, 0, 0),
(2013, 1, 41, 13, '0', 0, 0, 0, 0),
(2014, 1, 41, 14, '0', 0, 0, 0, 0),
(2015, 1, 41, 15, '0', 0, 0, 0, 0),
(2016, 1, 41, 16, '0', 0, 0, 0, 0),
(2017, 1, 41, 17, '0', 0, 0, 0, 0),
(2018, 1, 41, 18, '0', 0, 0, 0, 0),
(2019, 1, 41, 19, '0', 0, 0, 0, 0),
(2020, 1, 41, 20, '0', 0, 0, 0, 0),
(2021, 1, 41, 21, '0', 0, 0, 0, 0),
(2022, 1, 41, 22, '0', 0, 0, 0, 0),
(2023, 1, 41, 23, '0', 0, 0, 0, 0),
(2024, 1, 41, 24, '0', 0, 0, 0, 0),
(2025, 1, 41, 25, '0', 0, 0, 0, 0),
(2026, 1, 41, 26, '0', 0, 0, 0, 0),
(2027, 1, 41, 27, '0', 0, 0, 0, 0),
(2028, 1, 41, 28, '0', 0, 0, 0, 0),
(2029, 1, 41, 29, '0', 0, 0, 0, 0),
(2030, 1, 41, 30, '0', 0, 0, 0, 0),
(2031, 1, 41, 31, '0', 0, 0, 0, 0),
(2032, 1, 41, 32, '0', 0, 0, 0, 0),
(2033, 1, 41, 33, '0', 0, 0, 0, 0),
(2034, 1, 41, 34, '0', 0, 0, 0, 0),
(2035, 1, 41, 35, '0', 0, 0, 0, 0),
(2036, 1, 41, 36, '0', 0, 0, 0, 0),
(2037, 1, 41, 37, '0', 0, 0, 0, 0),
(2038, 1, 41, 38, '0', 0, 0, 0, 0),
(2039, 1, 41, 39, '0', 0, 0, 0, 0),
(2040, 1, 41, 40, '0', 0, 0, 0, 0),
(2041, 1, 41, 41, '0', 0, 0, 0, 0),
(2042, 1, 41, 42, '0', 0, 0, 0, 0),
(2043, 1, 41, 43, '0', 0, 0, 0, 0),
(2044, 1, 41, 44, '0', 0, 0, 0, 0),
(2045, 1, 41, 45, '0', 0, 0, 0, 0),
(2046, 1, 41, 46, '0', 0, 0, 0, 0),
(2047, 1, 41, 47, '0', 0, 0, 0, 0),
(2048, 1, 41, 48, '0', 0, 0, 0, 0),
(2049, 1, 41, 49, '0', 0, 0, 0, 0),
(2050, 1, 41, 50, '0', 0, 0, 0, 0),
(2051, 1, 42, 1, '0', 0, 0, 0, 0),
(2052, 1, 42, 2, '0', 0, 0, 0, 0),
(2053, 1, 42, 3, '0', 0, 0, 0, 0),
(2054, 1, 42, 4, '0', 0, 0, 0, 0),
(2055, 1, 42, 5, '0', 0, 0, 0, 0),
(2056, 1, 42, 6, '0', 0, 0, 0, 0),
(2057, 1, 42, 7, '0', 0, 0, 0, 0),
(2058, 1, 42, 8, '0', 0, 0, 0, 0),
(2059, 1, 42, 9, '0', 0, 0, 0, 0),
(2060, 1, 42, 10, '0', 0, 0, 0, 0),
(2061, 1, 42, 11, '0', 0, 0, 0, 0),
(2062, 1, 42, 12, '0', 0, 0, 0, 0),
(2063, 1, 42, 13, '0', 0, 0, 0, 0),
(2064, 1, 42, 14, '0', 0, 0, 0, 0),
(2065, 1, 42, 15, '0', 0, 0, 0, 0),
(2066, 1, 42, 16, '0', 0, 0, 0, 0),
(2067, 1, 42, 17, '0', 0, 0, 0, 0),
(2068, 1, 42, 18, '0', 0, 0, 0, 0),
(2069, 1, 42, 19, '0', 0, 0, 0, 0),
(2070, 1, 42, 20, '0', 0, 0, 0, 0),
(2071, 1, 42, 21, '0', 0, 0, 0, 0),
(2072, 1, 42, 22, '0', 0, 0, 0, 0),
(2073, 1, 42, 23, '0', 0, 0, 0, 0),
(2074, 1, 42, 24, '0', 0, 0, 0, 0),
(2075, 1, 42, 25, '0', 0, 0, 0, 0),
(2076, 1, 42, 26, '0', 0, 0, 0, 0),
(2077, 1, 42, 27, '0', 0, 0, 0, 0),
(2078, 1, 42, 28, '0', 0, 0, 0, 0),
(2079, 1, 42, 29, '0', 0, 0, 0, 0),
(2080, 1, 42, 30, '0', 0, 0, 0, 0),
(2081, 1, 42, 31, '0', 0, 0, 0, 0),
(2082, 1, 42, 32, '0', 0, 0, 0, 0),
(2083, 1, 42, 33, '0', 0, 0, 0, 0),
(2084, 1, 42, 34, '0', 0, 0, 0, 0),
(2085, 1, 42, 35, '0', 0, 0, 0, 0),
(2086, 1, 42, 36, '0', 0, 0, 0, 0),
(2087, 1, 42, 37, '0', 0, 0, 0, 0),
(2088, 1, 42, 38, '0', 0, 0, 0, 0),
(2089, 1, 42, 39, '0', 0, 0, 0, 0),
(2090, 1, 42, 40, '0', 0, 0, 0, 0),
(2091, 1, 42, 41, '0', 0, 0, 0, 0),
(2092, 1, 42, 42, '0', 0, 0, 0, 0),
(2093, 1, 42, 43, '0', 0, 0, 0, 0),
(2094, 1, 42, 44, '0', 0, 0, 0, 0),
(2095, 1, 42, 45, '0', 0, 0, 0, 0),
(2096, 1, 42, 46, '0', 0, 0, 0, 0),
(2097, 1, 42, 47, '0', 0, 0, 0, 0),
(2098, 1, 42, 48, '0', 0, 0, 0, 0),
(2099, 1, 42, 49, '0', 0, 0, 0, 0),
(2100, 1, 42, 50, '0', 0, 0, 0, 0),
(2101, 1, 43, 1, '0', 0, 0, 0, 0),
(2102, 1, 43, 2, '0', 0, 0, 0, 0),
(2103, 1, 43, 3, '0', 0, 0, 0, 0),
(2104, 1, 43, 4, '0', 0, 0, 0, 0),
(2105, 1, 43, 5, '0', 0, 0, 0, 0),
(2106, 1, 43, 6, '0', 0, 0, 0, 0),
(2107, 1, 43, 7, '0', 0, 0, 0, 0),
(2108, 1, 43, 8, '0', 0, 0, 0, 0),
(2109, 1, 43, 9, '0', 0, 0, 0, 0),
(2110, 1, 43, 10, '0', 0, 0, 0, 0),
(2111, 1, 43, 11, '0', 0, 0, 0, 0),
(2112, 1, 43, 12, '0', 0, 0, 0, 0),
(2113, 1, 43, 13, '0', 0, 0, 0, 0),
(2114, 1, 43, 14, '0', 0, 0, 0, 0),
(2115, 1, 43, 15, '0', 0, 0, 0, 0),
(2116, 1, 43, 16, '0', 0, 0, 0, 0),
(2117, 1, 43, 17, '0', 0, 0, 0, 0),
(2118, 1, 43, 18, '0', 0, 0, 0, 0),
(2119, 1, 43, 19, '0', 0, 0, 0, 0),
(2120, 1, 43, 20, '0', 0, 0, 0, 0),
(2121, 1, 43, 21, '0', 0, 0, 0, 0),
(2122, 1, 43, 22, '0', 0, 0, 0, 0),
(2123, 1, 43, 23, '0', 0, 0, 0, 0),
(2124, 1, 43, 24, '0', 0, 0, 0, 0),
(2125, 1, 43, 25, '0', 0, 0, 0, 0),
(2126, 1, 43, 26, '0', 0, 0, 0, 0),
(2127, 1, 43, 27, '0', 0, 0, 0, 0),
(2128, 1, 43, 28, '0', 0, 0, 0, 0),
(2129, 1, 43, 29, '0', 0, 0, 0, 0),
(2130, 1, 43, 30, '0', 0, 0, 0, 0),
(2131, 1, 43, 31, '0', 0, 0, 0, 0),
(2132, 1, 43, 32, '0', 0, 0, 0, 0),
(2133, 1, 43, 33, '0', 0, 0, 0, 0),
(2134, 1, 43, 34, '0', 0, 0, 0, 0),
(2135, 1, 43, 35, '0', 0, 0, 0, 0),
(2136, 1, 43, 36, '0', 0, 0, 0, 0),
(2137, 1, 43, 37, '0', 0, 0, 0, 0),
(2138, 1, 43, 38, '0', 0, 0, 0, 0),
(2139, 1, 43, 39, '0', 0, 0, 0, 0),
(2140, 1, 43, 40, '0', 0, 0, 0, 0),
(2141, 1, 43, 41, '0', 0, 0, 0, 0),
(2142, 1, 43, 42, '0', 0, 0, 0, 0),
(2143, 1, 43, 43, '0', 0, 0, 0, 0),
(2144, 1, 43, 44, '0', 0, 0, 0, 0),
(2145, 1, 43, 45, '0', 0, 0, 0, 0),
(2146, 1, 43, 46, '0', 0, 0, 0, 0),
(2147, 1, 43, 47, '0', 0, 0, 0, 0),
(2148, 1, 43, 48, '0', 0, 0, 0, 0),
(2149, 1, 43, 49, '0', 0, 0, 0, 0),
(2150, 1, 43, 50, '0', 0, 0, 0, 0),
(2151, 1, 44, 1, '0', 0, 0, 0, 0),
(2152, 1, 44, 2, '0', 0, 0, 0, 0),
(2153, 1, 44, 3, '0', 0, 0, 0, 0),
(2154, 1, 44, 4, '0', 0, 0, 0, 0),
(2155, 1, 44, 5, '0', 0, 0, 0, 0),
(2156, 1, 44, 6, '0', 0, 0, 0, 0),
(2157, 1, 44, 7, '0', 0, 0, 0, 0),
(2158, 1, 44, 8, '0', 0, 0, 0, 0),
(2159, 1, 44, 9, '0', 0, 0, 0, 0),
(2160, 1, 44, 10, '0', 0, 0, 0, 0),
(2161, 1, 44, 11, '0', 0, 0, 0, 0),
(2162, 1, 44, 12, '0', 0, 0, 0, 0),
(2163, 1, 44, 13, '0', 0, 0, 0, 0),
(2164, 1, 44, 14, '0', 0, 0, 0, 0),
(2165, 1, 44, 15, '0', 0, 0, 0, 0),
(2166, 1, 44, 16, '0', 0, 0, 0, 0),
(2167, 1, 44, 17, '0', 0, 0, 0, 0),
(2168, 1, 44, 18, '0', 0, 0, 0, 0),
(2169, 1, 44, 19, '0', 0, 0, 0, 0),
(2170, 1, 44, 20, '0', 0, 0, 0, 0),
(2171, 1, 44, 21, '0', 0, 0, 0, 0),
(2172, 1, 44, 22, '0', 0, 0, 0, 0),
(2173, 1, 44, 23, '0', 0, 0, 0, 0),
(2174, 1, 44, 24, '0', 0, 0, 0, 0),
(2175, 1, 44, 25, '0', 0, 0, 0, 0),
(2176, 1, 44, 26, '0', 0, 0, 0, 0),
(2177, 1, 44, 27, '0', 0, 0, 0, 0),
(2178, 1, 44, 28, '0', 0, 0, 0, 0),
(2179, 1, 44, 29, '0', 0, 0, 0, 0),
(2180, 1, 44, 30, '0', 0, 0, 0, 0),
(2181, 1, 44, 31, '0', 0, 0, 0, 0),
(2182, 1, 44, 32, '0', 0, 0, 0, 0),
(2183, 1, 44, 33, '0', 0, 0, 0, 0),
(2184, 1, 44, 34, '0', 0, 0, 0, 0),
(2185, 1, 44, 35, '0', 0, 0, 0, 0),
(2186, 1, 44, 36, '0', 0, 0, 0, 0),
(2187, 1, 44, 37, '0', 0, 0, 0, 0),
(2188, 1, 44, 38, '0', 0, 0, 0, 0),
(2189, 1, 44, 39, '0', 0, 0, 0, 0),
(2190, 1, 44, 40, '0', 0, 0, 0, 0),
(2191, 1, 44, 41, '0', 0, 0, 0, 0),
(2192, 1, 44, 42, '0', 0, 0, 0, 0),
(2193, 1, 44, 43, '0', 0, 0, 0, 0),
(2194, 1, 44, 44, '0', 0, 0, 0, 0),
(2195, 1, 44, 45, '0', 0, 0, 0, 0),
(2196, 1, 44, 46, '0', 0, 0, 0, 0),
(2197, 1, 44, 47, '0', 0, 0, 0, 0),
(2198, 1, 44, 48, '0', 0, 0, 0, 0),
(2199, 1, 44, 49, '0', 0, 0, 0, 0),
(2200, 1, 44, 50, '0', 0, 0, 0, 0),
(2201, 1, 45, 1, '0', 0, 0, 0, 0),
(2202, 1, 45, 2, '0', 0, 0, 0, 0),
(2203, 1, 45, 3, '0', 0, 0, 0, 0),
(2204, 1, 45, 4, '0', 0, 0, 0, 0),
(2205, 1, 45, 5, '0', 0, 0, 0, 0),
(2206, 1, 45, 6, '0', 0, 0, 0, 0),
(2207, 1, 45, 7, '0', 0, 0, 0, 0),
(2208, 1, 45, 8, '0', 0, 0, 0, 0),
(2209, 1, 45, 9, '0', 0, 0, 0, 0),
(2210, 1, 45, 10, '0', 0, 0, 0, 0),
(2211, 1, 45, 11, '0', 0, 0, 0, 0),
(2212, 1, 45, 12, '0', 0, 0, 0, 0),
(2213, 1, 45, 13, '0', 0, 0, 0, 0),
(2214, 1, 45, 14, '0', 0, 0, 0, 0),
(2215, 1, 45, 15, '0', 0, 0, 0, 0),
(2216, 1, 45, 16, '0', 0, 0, 0, 0),
(2217, 1, 45, 17, '0', 0, 0, 0, 0),
(2218, 1, 45, 18, '0', 0, 0, 0, 0),
(2219, 1, 45, 19, '0', 0, 0, 0, 0),
(2220, 1, 45, 20, '0', 0, 0, 0, 0),
(2221, 1, 45, 21, '0', 0, 0, 0, 0),
(2222, 1, 45, 22, '0', 0, 0, 0, 0),
(2223, 1, 45, 23, '0', 0, 0, 0, 0),
(2224, 1, 45, 24, '0', 0, 0, 0, 0),
(2225, 1, 45, 25, '0', 0, 0, 0, 0),
(2226, 1, 45, 26, '0', 0, 0, 0, 0),
(2227, 1, 45, 27, '0', 0, 0, 0, 0),
(2228, 1, 45, 28, '0', 0, 0, 0, 0),
(2229, 1, 45, 29, '0', 0, 0, 0, 0),
(2230, 1, 45, 30, '0', 0, 0, 0, 0),
(2231, 1, 45, 31, '0', 0, 0, 0, 0),
(2232, 1, 45, 32, '0', 0, 0, 0, 0),
(2233, 1, 45, 33, '0', 0, 0, 0, 0),
(2234, 1, 45, 34, '0', 0, 0, 0, 0),
(2235, 1, 45, 35, '0', 0, 0, 0, 0),
(2236, 1, 45, 36, '0', 0, 0, 0, 0),
(2237, 1, 45, 37, '0', 0, 0, 0, 0),
(2238, 1, 45, 38, '0', 0, 0, 0, 0),
(2239, 1, 45, 39, '0', 0, 0, 0, 0),
(2240, 1, 45, 40, '0', 0, 0, 0, 0),
(2241, 1, 45, 41, '0', 0, 0, 0, 0),
(2242, 1, 45, 42, '0', 0, 0, 0, 0),
(2243, 1, 45, 43, '0', 0, 0, 0, 0),
(2244, 1, 45, 44, '0', 0, 0, 0, 0),
(2245, 1, 45, 45, '0', 0, 0, 0, 0),
(2246, 1, 45, 46, '0', 0, 0, 0, 0),
(2247, 1, 45, 47, '0', 0, 0, 0, 0),
(2248, 1, 45, 48, '0', 0, 0, 0, 0),
(2249, 1, 45, 49, '0', 0, 0, 0, 0),
(2250, 1, 45, 50, '0', 0, 0, 0, 0),
(2251, 1, 46, 1, '0', 0, 0, 0, 0),
(2252, 1, 46, 2, '0', 0, 0, 0, 0),
(2253, 1, 46, 3, '0', 0, 0, 0, 0),
(2254, 1, 46, 4, '0', 0, 0, 0, 0),
(2255, 1, 46, 5, '0', 0, 0, 0, 0),
(2256, 1, 46, 6, '0', 0, 0, 0, 0),
(2257, 1, 46, 7, '0', 0, 0, 0, 0),
(2258, 1, 46, 8, '0', 0, 0, 0, 0),
(2259, 1, 46, 9, '0', 0, 0, 0, 0),
(2260, 1, 46, 10, '0', 0, 0, 0, 0),
(2261, 1, 46, 11, '0', 0, 0, 0, 0),
(2262, 1, 46, 12, '0', 0, 0, 0, 0),
(2263, 1, 46, 13, '0', 0, 0, 0, 0),
(2264, 1, 46, 14, '0', 0, 0, 0, 0),
(2265, 1, 46, 15, '0', 0, 0, 0, 0),
(2266, 1, 46, 16, '0', 0, 0, 0, 0),
(2267, 1, 46, 17, '0', 0, 0, 0, 0),
(2268, 1, 46, 18, '0', 0, 0, 0, 0),
(2269, 1, 46, 19, '0', 0, 0, 0, 0),
(2270, 1, 46, 20, '0', 0, 0, 0, 0),
(2271, 1, 46, 21, '0', 0, 0, 0, 0),
(2272, 1, 46, 22, '0', 0, 0, 0, 0),
(2273, 1, 46, 23, '0', 0, 0, 0, 0),
(2274, 1, 46, 24, '0', 0, 0, 0, 0),
(2275, 1, 46, 25, '0', 0, 0, 0, 0),
(2276, 1, 46, 26, '0', 0, 0, 0, 0),
(2277, 1, 46, 27, '0', 0, 0, 0, 0),
(2278, 1, 46, 28, '0', 0, 0, 0, 0),
(2279, 1, 46, 29, '0', 0, 0, 0, 0),
(2280, 1, 46, 30, '0', 0, 0, 0, 0),
(2281, 1, 46, 31, '0', 0, 0, 0, 0),
(2282, 1, 46, 32, '0', 0, 0, 0, 0),
(2283, 1, 46, 33, '0', 0, 0, 0, 0),
(2284, 1, 46, 34, '0', 0, 0, 0, 0),
(2285, 1, 46, 35, '0', 0, 0, 0, 0),
(2286, 1, 46, 36, '0', 0, 0, 0, 0),
(2287, 1, 46, 37, '0', 0, 0, 0, 0),
(2288, 1, 46, 38, '0', 0, 0, 0, 0),
(2289, 1, 46, 39, '0', 0, 0, 0, 0),
(2290, 1, 46, 40, '0', 0, 0, 0, 0),
(2291, 1, 46, 41, '0', 0, 0, 0, 0),
(2292, 1, 46, 42, '0', 0, 0, 0, 0),
(2293, 1, 46, 43, '0', 0, 0, 0, 0),
(2294, 1, 46, 44, '0', 0, 0, 0, 0),
(2295, 1, 46, 45, '0', 0, 0, 0, 0),
(2296, 1, 46, 46, '0', 0, 0, 0, 0),
(2297, 1, 46, 47, '0', 0, 0, 0, 0),
(2298, 1, 46, 48, '0', 0, 0, 0, 0),
(2299, 1, 46, 49, '0', 0, 0, 0, 0),
(2300, 1, 46, 50, '0', 0, 0, 0, 0),
(2301, 1, 47, 1, '0', 0, 0, 0, 0),
(2302, 1, 47, 2, '0', 0, 0, 0, 0),
(2303, 1, 47, 3, '0', 0, 0, 0, 0),
(2304, 1, 47, 4, '0', 0, 0, 0, 0),
(2305, 1, 47, 5, '0', 0, 0, 0, 0),
(2306, 1, 47, 6, '0', 0, 0, 0, 0),
(2307, 1, 47, 7, '0', 0, 0, 0, 0),
(2308, 1, 47, 8, '0', 0, 0, 0, 0),
(2309, 1, 47, 9, '0', 0, 0, 0, 0),
(2310, 1, 47, 10, '0', 0, 0, 0, 0),
(2311, 1, 47, 11, '0', 0, 0, 0, 0),
(2312, 1, 47, 12, '0', 0, 0, 0, 0),
(2313, 1, 47, 13, '0', 0, 0, 0, 0),
(2314, 1, 47, 14, '0', 0, 0, 0, 0),
(2315, 1, 47, 15, '0', 0, 0, 0, 0),
(2316, 1, 47, 16, '0', 0, 0, 0, 0),
(2317, 1, 47, 17, '0', 0, 0, 0, 0),
(2318, 1, 47, 18, '0', 0, 0, 0, 0),
(2319, 1, 47, 19, '0', 0, 0, 0, 0),
(2320, 1, 47, 20, '0', 0, 0, 0, 0),
(2321, 1, 47, 21, '0', 0, 0, 0, 0),
(2322, 1, 47, 22, '0', 0, 0, 0, 0),
(2323, 1, 47, 23, '0', 0, 0, 0, 0),
(2324, 1, 47, 24, '0', 0, 0, 0, 0),
(2325, 1, 47, 25, '0', 0, 0, 0, 0),
(2326, 1, 47, 26, '0', 0, 0, 0, 0),
(2327, 1, 47, 27, '0', 0, 0, 0, 0),
(2328, 1, 47, 28, '0', 0, 0, 0, 0),
(2329, 1, 47, 29, '0', 0, 0, 0, 0),
(2330, 1, 47, 30, '0', 0, 0, 0, 0),
(2331, 1, 47, 31, '0', 0, 0, 0, 0),
(2332, 1, 47, 32, '0', 0, 0, 0, 0),
(2333, 1, 47, 33, '0', 0, 0, 0, 0),
(2334, 1, 47, 34, '0', 0, 0, 0, 0),
(2335, 1, 47, 35, '0', 0, 0, 0, 0),
(2336, 1, 47, 36, '0', 0, 0, 0, 0),
(2337, 1, 47, 37, '0', 0, 0, 0, 0),
(2338, 1, 47, 38, '0', 0, 0, 0, 0),
(2339, 1, 47, 39, '0', 0, 0, 0, 0),
(2340, 1, 47, 40, '0', 0, 0, 0, 0),
(2341, 1, 47, 41, '0', 0, 0, 0, 0),
(2342, 1, 47, 42, '0', 0, 0, 0, 0),
(2343, 1, 47, 43, '0', 0, 0, 0, 0),
(2344, 1, 47, 44, '0', 0, 0, 0, 0),
(2345, 1, 47, 45, '0', 0, 0, 0, 0),
(2346, 1, 47, 46, '0', 0, 0, 0, 0),
(2347, 1, 47, 47, '0', 0, 0, 0, 0),
(2348, 1, 47, 48, '0', 0, 0, 0, 0),
(2349, 1, 47, 49, '0', 0, 0, 0, 0),
(2350, 1, 47, 50, '0', 0, 0, 0, 0),
(2351, 1, 48, 1, '0', 0, 0, 0, 0),
(2352, 1, 48, 2, '0', 0, 0, 0, 0),
(2353, 1, 48, 3, '0', 0, 0, 0, 0),
(2354, 1, 48, 4, '0', 0, 0, 0, 0),
(2355, 1, 48, 5, '0', 0, 0, 0, 0),
(2356, 1, 48, 6, '0', 0, 0, 0, 0),
(2357, 1, 48, 7, '0', 0, 0, 0, 0),
(2358, 1, 48, 8, '0', 0, 0, 0, 0),
(2359, 1, 48, 9, '0', 0, 0, 0, 0),
(2360, 1, 48, 10, '0', 0, 0, 0, 0),
(2361, 1, 48, 11, '0', 0, 0, 0, 0),
(2362, 1, 48, 12, '0', 0, 0, 0, 0),
(2363, 1, 48, 13, '0', 0, 0, 0, 0),
(2364, 1, 48, 14, '0', 0, 0, 0, 0),
(2365, 1, 48, 15, '0', 0, 0, 0, 0),
(2366, 1, 48, 16, '0', 0, 0, 0, 0),
(2367, 1, 48, 17, '0', 0, 0, 0, 0),
(2368, 1, 48, 18, '0', 0, 0, 0, 0),
(2369, 1, 48, 19, '0', 0, 0, 0, 0),
(2370, 1, 48, 20, '0', 0, 0, 0, 0),
(2371, 1, 48, 21, '0', 0, 0, 0, 0),
(2372, 1, 48, 22, '0', 0, 0, 0, 0),
(2373, 1, 48, 23, '0', 0, 0, 0, 0),
(2374, 1, 48, 24, '0', 0, 0, 0, 0),
(2375, 1, 48, 25, '0', 0, 0, 0, 0),
(2376, 1, 48, 26, '0', 0, 0, 0, 0),
(2377, 1, 48, 27, '0', 0, 0, 0, 0),
(2378, 1, 48, 28, '0', 0, 0, 0, 0),
(2379, 1, 48, 29, '0', 0, 0, 0, 0),
(2380, 1, 48, 30, '0', 0, 0, 0, 0),
(2381, 1, 48, 31, '0', 0, 0, 0, 0),
(2382, 1, 48, 32, '0', 0, 0, 0, 0),
(2383, 1, 48, 33, '0', 0, 0, 0, 0),
(2384, 1, 48, 34, '0', 0, 0, 0, 0),
(2385, 1, 48, 35, '0', 0, 0, 0, 0),
(2386, 1, 48, 36, '0', 0, 0, 0, 0),
(2387, 1, 48, 37, '0', 0, 0, 0, 0),
(2388, 1, 48, 38, '0', 0, 0, 0, 0),
(2389, 1, 48, 39, '0', 0, 0, 0, 0),
(2390, 1, 48, 40, '0', 0, 0, 0, 0),
(2391, 1, 48, 41, '0', 0, 0, 0, 0),
(2392, 1, 48, 42, '0', 0, 0, 0, 0),
(2393, 1, 48, 43, '0', 0, 0, 0, 0),
(2394, 1, 48, 44, '0', 0, 0, 0, 0),
(2395, 1, 48, 45, '0', 0, 0, 0, 0),
(2396, 1, 48, 46, '0', 0, 0, 0, 0),
(2397, 1, 48, 47, '0', 0, 0, 0, 0),
(2398, 1, 48, 48, '0', 0, 0, 0, 0),
(2399, 1, 48, 49, '0', 0, 0, 0, 0),
(2400, 1, 48, 50, '0', 0, 0, 0, 0),
(2401, 1, 49, 1, '0', 0, 0, 0, 0),
(2402, 1, 49, 2, '0', 0, 0, 0, 0),
(2403, 1, 49, 3, '0', 0, 0, 0, 0),
(2404, 1, 49, 4, '0', 0, 0, 0, 0),
(2405, 1, 49, 5, '0', 0, 0, 0, 0),
(2406, 1, 49, 6, '0', 0, 0, 0, 0),
(2407, 1, 49, 7, '0', 0, 0, 0, 0),
(2408, 1, 49, 8, '0', 0, 0, 0, 0),
(2409, 1, 49, 9, '0', 0, 0, 0, 0),
(2410, 1, 49, 10, '0', 0, 0, 0, 0),
(2411, 1, 49, 11, '0', 0, 0, 0, 0),
(2412, 1, 49, 12, '0', 0, 0, 0, 0),
(2413, 1, 49, 13, '0', 0, 0, 0, 0),
(2414, 1, 49, 14, '0', 0, 0, 0, 0),
(2415, 1, 49, 15, '0', 0, 0, 0, 0),
(2416, 1, 49, 16, '0', 0, 0, 0, 0),
(2417, 1, 49, 17, '0', 0, 0, 0, 0),
(2418, 1, 49, 18, '0', 0, 0, 0, 0),
(2419, 1, 49, 19, '0', 0, 0, 0, 0),
(2420, 1, 49, 20, '0', 0, 0, 0, 0),
(2421, 1, 49, 21, '0', 0, 0, 0, 0),
(2422, 1, 49, 22, '0', 0, 0, 0, 0),
(2423, 1, 49, 23, '0', 0, 0, 0, 0),
(2424, 1, 49, 24, '0', 0, 0, 0, 0),
(2425, 1, 49, 25, '0', 0, 0, 0, 0),
(2426, 1, 49, 26, '0', 0, 0, 0, 0),
(2427, 1, 49, 27, '0', 0, 0, 0, 0),
(2428, 1, 49, 28, '0', 0, 0, 0, 0),
(2429, 1, 49, 29, '0', 0, 0, 0, 0),
(2430, 1, 49, 30, '0', 0, 0, 0, 0),
(2431, 1, 49, 31, '0', 0, 0, 0, 0),
(2432, 1, 49, 32, '0', 0, 0, 0, 0),
(2433, 1, 49, 33, '0', 0, 0, 0, 0),
(2434, 1, 49, 34, '0', 0, 0, 0, 0),
(2435, 1, 49, 35, '0', 0, 0, 0, 0),
(2436, 1, 49, 36, '0', 0, 0, 0, 0),
(2437, 1, 49, 37, '0', 0, 0, 0, 0),
(2438, 1, 49, 38, '0', 0, 0, 0, 0),
(2439, 1, 49, 39, '0', 0, 0, 0, 0),
(2440, 1, 49, 40, '0', 0, 0, 0, 0),
(2441, 1, 49, 41, '0', 0, 0, 0, 0),
(2442, 1, 49, 42, '0', 0, 0, 0, 0),
(2443, 1, 49, 43, '0', 0, 0, 0, 0),
(2444, 1, 49, 44, '0', 0, 0, 0, 0),
(2445, 1, 49, 45, '0', 0, 0, 0, 0),
(2446, 1, 49, 46, '0', 0, 0, 0, 0),
(2447, 1, 49, 47, '0', 0, 0, 0, 0),
(2448, 1, 49, 48, '0', 0, 0, 0, 0),
(2449, 1, 49, 49, '0', 0, 0, 0, 0),
(2450, 1, 49, 50, '0', 0, 0, 0, 0),
(2451, 1, 50, 1, '0', 0, 0, 0, 0),
(2452, 1, 50, 2, '0', 0, 0, 0, 0),
(2453, 1, 50, 3, '0', 0, 0, 0, 0),
(2454, 1, 50, 4, '0', 0, 0, 0, 0),
(2455, 1, 50, 5, '0', 0, 0, 0, 0),
(2456, 1, 50, 6, '0', 0, 0, 0, 0),
(2457, 1, 50, 7, '0', 0, 0, 0, 0),
(2458, 1, 50, 8, '0', 0, 0, 0, 0),
(2459, 1, 50, 9, '0', 0, 0, 0, 0),
(2460, 1, 50, 10, '0', 0, 0, 0, 0),
(2461, 1, 50, 11, '0', 0, 0, 0, 0),
(2462, 1, 50, 12, '0', 0, 0, 0, 0),
(2463, 1, 50, 13, '0', 0, 0, 0, 0),
(2464, 1, 50, 14, '0', 0, 0, 0, 0),
(2465, 1, 50, 15, '0', 0, 0, 0, 0),
(2466, 1, 50, 16, '0', 0, 0, 0, 0),
(2467, 1, 50, 17, '0', 0, 0, 0, 0),
(2468, 1, 50, 18, '0', 0, 0, 0, 0),
(2469, 1, 50, 19, '0', 0, 0, 0, 0),
(2470, 1, 50, 20, '0', 0, 0, 0, 0),
(2471, 1, 50, 21, '0', 0, 0, 0, 0),
(2472, 1, 50, 22, '0', 0, 0, 0, 0),
(2473, 1, 50, 23, '0', 0, 0, 0, 0),
(2474, 1, 50, 24, '0', 0, 0, 0, 0),
(2475, 1, 50, 25, '0', 0, 0, 0, 0),
(2476, 1, 50, 26, '0', 0, 0, 0, 0),
(2477, 1, 50, 27, '0', 0, 0, 0, 0),
(2478, 1, 50, 28, '0', 0, 0, 0, 0),
(2479, 1, 50, 29, '0', 0, 0, 0, 0),
(2480, 1, 50, 30, '0', 0, 0, 0, 0),
(2481, 1, 50, 31, '0', 0, 0, 0, 0),
(2482, 1, 50, 32, '0', 0, 0, 0, 0),
(2483, 1, 50, 33, '0', 0, 0, 0, 0),
(2484, 1, 50, 34, '0', 0, 0, 0, 0),
(2485, 1, 50, 35, '0', 0, 0, 0, 0),
(2486, 1, 50, 36, '0', 0, 0, 0, 0),
(2487, 1, 50, 37, '0', 0, 0, 0, 0),
(2488, 1, 50, 38, '0', 0, 0, 0, 0),
(2489, 1, 50, 39, '0', 0, 0, 0, 0),
(2490, 1, 50, 40, '0', 0, 0, 0, 0),
(2491, 1, 50, 41, '0', 0, 0, 0, 0),
(2492, 1, 50, 42, '0', 0, 0, 0, 0),
(2493, 1, 50, 43, '0', 0, 0, 0, 0),
(2494, 1, 50, 44, '0', 0, 0, 0, 0),
(2495, 1, 50, 45, '0', 0, 0, 0, 0),
(2496, 1, 50, 46, '0', 0, 0, 0, 0),
(2497, 1, 50, 47, '0', 0, 0, 0, 0),
(2498, 1, 50, 48, '0', 0, 0, 0, 0),
(2499, 1, 50, 49, '0', 0, 0, 0, 0),
(2500, 1, 50, 50, '0', 0, 0, 0, 0),
(3881, 17, 1, 1, '1', 0, 0, 0, 0),
(3882, 17, 1, 2, '1', 0, 0, 0, 0),
(3883, 17, 1, 3, '1', 0, 0, 0, 0),
(3884, 17, 1, 4, '1', 0, 0, 0, 0),
(3885, 17, 1, 5, '1', 0, 0, 0, 0),
(3886, 17, 1, 6, '1', 0, 0, 0, 0),
(3887, 17, 1, 7, '1', 0, 0, 0, 0),
(3888, 17, 1, 8, '1', 0, 0, 0, 0),
(3889, 17, 1, 9, '1', 0, 0, 0, 0),
(3890, 17, 1, 10, '1', 0, 0, 0, 0),
(3891, 17, 2, 1, '1', 0, 0, 0, 0),
(3892, 17, 2, 2, '1', 0, 0, 1, 0),
(3893, 17, 2, 3, '1', 0, 0, 1, 0),
(3894, 17, 2, 4, '1', 0, 0, 1, 0),
(3895, 17, 2, 5, '1', 0, 0, 1, 0),
(3896, 17, 2, 6, '1', 0, 0, 1, 0),
(3897, 17, 2, 7, '1', 0, 0, 1, 0),
(3898, 17, 2, 8, '1', 0, 0, 1, 0),
(3899, 17, 2, 9, '1', 0, 0, 1, 0),
(3900, 17, 2, 10, '1', 0, 0, 1, 0),
(3901, 17, 3, 1, '1', 0, 0, 0, 0),
(3902, 17, 3, 2, '1', 0, 0, 1, 0),
(3903, 17, 3, 3, '1', 0, 0, 1, 0),
(3904, 17, 3, 4, '1', 0, 0, 1, 0),
(3905, 17, 3, 5, '1', 0, 0, 1, 0),
(3906, 17, 3, 6, '1', 0, 0, 1, 0),
(3907, 17, 3, 7, '1', 0, 0, 1, 0),
(3908, 17, 3, 8, '1', 0, 0, 1, 0),
(3909, 17, 3, 9, '1', 0, 0, 1, 0),
(3910, 17, 3, 10, '1', 0, 0, 1, 0),
(3911, 17, 4, 1, '1', 0, 0, 0, 0),
(3912, 17, 4, 2, '1', 0, 0, 1, 0),
(3913, 17, 4, 3, '1', 0, 0, 1, 0),
(3914, 17, 4, 4, '1', 0, 0, 1, 0),
(3915, 17, 4, 5, '1', 0, 0, 1, 0),
(3916, 17, 4, 6, '1', 0, 0, 1, 0),
(3917, 17, 4, 7, '1', 0, 0, 1, 0),
(3918, 17, 4, 8, '1', 0, 0, 1, 0),
(3919, 17, 4, 9, '1', 0, 0, 1, 0),
(3920, 17, 4, 10, '1', 0, 0, 1, 0),
(3921, 17, 5, 1, '1', 0, 0, 0, 0),
(3922, 17, 5, 2, '1', 0, 0, 1, 0),
(3923, 17, 5, 3, '1', 0, 0, 1, 0),
(3924, 17, 5, 4, '1', 0, 0, 1, 0),
(3925, 17, 5, 5, '1', 0, 0, 1, 0),
(3926, 17, 5, 6, '1', 0, 0, 1, 0),
(3927, 17, 5, 7, '1', 0, 0, 1, 0),
(3928, 17, 5, 8, '1', 0, 0, 1, 0),
(3929, 17, 5, 9, '1', 0, 0, 1, 0),
(3930, 17, 5, 10, '1', 0, 0, 1, 0),
(3931, 17, 6, 1, '1', 0, 0, 0, 0),
(3932, 17, 6, 2, '1', 0, 0, 1, 0),
(3933, 17, 6, 3, '1', 0, 0, 1, 0),
(3934, 17, 6, 4, '1', 0, 0, 1, 0),
(3935, 17, 6, 5, '1', 0, 0, 1, 0),
(3936, 17, 6, 6, '1', 0, 0, 1, 0),
(3937, 17, 6, 7, '1', 0, 0, 1, 0),
(3938, 17, 6, 8, '1', 0, 0, 1, 0),
(3939, 17, 6, 9, '1', 0, 0, 1, 0),
(3940, 17, 6, 10, '1', 0, 0, 1, 0),
(3941, 17, 7, 1, '1', 0, 0, 0, 0),
(3942, 17, 7, 2, '1', 0, 0, 1, 0),
(3943, 17, 7, 3, '1', 0, 0, 1, 0),
(3944, 17, 7, 4, '1', 0, 0, 1, 0),
(3945, 17, 7, 5, '1', 0, 0, 1, 0),
(3946, 17, 7, 6, '1', 0, 0, 1, 0),
(3947, 17, 7, 7, '1', 0, 0, 1, 0),
(3948, 17, 7, 8, '1', 0, 0, 1, 0),
(3949, 17, 7, 9, '1', 0, 0, 1, 0),
(3950, 17, 7, 10, '1', 0, 0, 1, 0),
(3951, 17, 8, 1, '1', 0, 0, 0, 0),
(3952, 17, 8, 2, '1', 0, 0, 1, 0),
(3953, 17, 8, 3, '1', 0, 0, 1, 0),
(3954, 17, 8, 4, '1', 0, 0, 1, 0),
(3955, 17, 8, 5, '1', 0, 0, 1, 0),
(3956, 17, 8, 6, '1', 0, 0, 1, 0),
(3957, 17, 8, 7, '1', 0, 0, 1, 0),
(3958, 17, 8, 8, '1', 0, 0, 1, 0),
(3959, 17, 8, 9, '1', 0, 0, 1, 0),
(3960, 17, 8, 10, '1', 0, 0, 1, 0),
(3961, 17, 9, 1, '1', 0, 0, 0, 0),
(3962, 17, 9, 2, '1', 0, 0, 1, 0),
(3963, 17, 9, 3, '1', 0, 0, 1, 0),
(3964, 17, 9, 4, '1', 0, 0, 1, 0),
(3965, 17, 9, 5, '1', 0, 0, 1, 0),
(3966, 17, 9, 6, '1', 0, 0, 1, 0),
(3967, 17, 9, 7, '1', 0, 0, 1, 0),
(3968, 17, 9, 8, '1', 0, 0, 1, 0),
(3969, 17, 9, 9, '1', 0, 0, 1, 0),
(3970, 17, 9, 10, '1', 0, 0, 1, 0),
(3971, 17, 10, 1, '1', 0, 0, 0, 0),
(3972, 17, 10, 2, '1', 0, 0, 1, 0),
(3973, 17, 10, 3, '1', 0, 0, 1, 0),
(3974, 17, 10, 4, '1', 0, 0, 1, 0),
(3975, 17, 10, 5, '1', 0, 0, 1, 0),
(3976, 17, 10, 6, '1', 0, 0, 1, 0),
(3977, 17, 10, 7, '1', 0, 0, 1, 0),
(3978, 17, 10, 8, '1', 0, 0, 1, 0),
(3979, 17, 10, 9, '1', 0, 0, 1, 0),
(3980, 17, 10, 10, '1', 0, 0, 1, 0),
(3981, 17, 11, 1, '1', 0, 0, 0, 0),
(3982, 17, 11, 2, '1', 0, 0, 1, 0),
(3983, 17, 11, 3, '1', 0, 0, 1, 0),
(3984, 17, 11, 4, '1', 0, 0, 1, 0),
(3985, 17, 11, 5, '1', 0, 0, 1, 0),
(3986, 17, 11, 6, '1', 0, 0, 1, 0),
(3987, 17, 11, 7, '1', 0, 0, 1, 0),
(3988, 17, 11, 8, '1', 0, 0, 1, 0),
(3989, 17, 11, 9, '1', 0, 0, 1, 0),
(3990, 17, 11, 10, '1', 0, 0, 1, 0),
(3991, 17, 12, 1, '1', 0, 0, 0, 0),
(3992, 17, 12, 2, '1', 0, 0, 1, 0),
(3993, 17, 12, 3, '1', 0, 0, 1, 0),
(3994, 17, 12, 4, '1', 0, 0, 1, 0),
(3995, 17, 12, 5, '1', 0, 0, 1, 0),
(3996, 17, 12, 6, '1', 0, 0, 1, 0),
(3997, 17, 12, 7, '1', 0, 0, 1, 0),
(3998, 17, 12, 8, '1', 0, 0, 1, 0),
(3999, 17, 12, 9, '1', 0, 0, 1, 0),
(4000, 17, 12, 10, '1', 0, 0, 1, 0),
(4001, 17, 13, 1, '1', 0, 0, 0, 0),
(4002, 17, 13, 2, '1', 0, 0, 1, 0),
(4003, 17, 13, 3, '1', 0, 0, 1, 0),
(4004, 17, 13, 4, '1', 0, 0, 1, 0),
(4005, 17, 13, 5, '1', 0, 0, 1, 0),
(4006, 17, 13, 6, '1', 0, 0, 1, 0),
(4007, 17, 13, 7, '1', 0, 0, 1, 0),
(4008, 17, 13, 8, '1', 0, 0, 1, 0),
(4009, 17, 13, 9, '1', 0, 0, 1, 0),
(4010, 17, 13, 10, '1', 0, 0, 1, 0),
(4011, 17, 14, 1, '1', 0, 0, 0, 0),
(4012, 17, 14, 2, '1', 0, 0, 1, 0),
(4013, 17, 14, 3, '1', 0, 0, 1, 0),
(4014, 17, 14, 4, '1', 0, 0, 1, 0),
(4015, 17, 14, 5, '1', 0, 0, 1, 0),
(4016, 17, 14, 6, '1', 0, 0, 1, 0),
(4017, 17, 14, 7, '1', 0, 0, 1, 0),
(4018, 17, 14, 8, '1', 0, 0, 1, 0),
(4019, 17, 14, 9, '1', 0, 0, 1, 0),
(4020, 17, 14, 10, '1', 0, 0, 1, 0),
(4021, 17, 15, 1, '1', 0, 0, 0, 0),
(4022, 17, 15, 2, '1', 0, 0, 1, 0),
(4023, 17, 15, 3, '1', 0, 0, 1, 0),
(4024, 17, 15, 4, '1', 0, 0, 1, 0),
(4025, 17, 15, 5, '1', 0, 0, 1, 0),
(4026, 17, 15, 6, '1', 0, 0, 1, 0),
(4027, 17, 15, 7, '1', 0, 0, 1, 0),
(4028, 17, 15, 8, '1', 0, 0, 1, 0),
(4029, 17, 15, 9, '1', 0, 0, 1, 0),
(4030, 17, 15, 10, '1', 0, 0, 1, 0),
(4031, 17, 16, 1, '1', 0, 0, 0, 0),
(4032, 17, 16, 2, '1', 0, 0, 1, 0),
(4033, 17, 16, 3, '1', 0, 0, 1, 0),
(4034, 17, 16, 4, '1', 0, 0, 1, 0),
(4035, 17, 16, 5, '1', 0, 0, 1, 0),
(4036, 17, 16, 6, '1', 0, 0, 1, 0),
(4037, 17, 16, 7, '1', 0, 0, 1, 0),
(4038, 17, 16, 8, '1', 0, 0, 1, 0),
(4039, 17, 16, 9, '1', 0, 0, 1, 0),
(4040, 17, 16, 10, '1', 0, 0, 1, 0),
(4041, 17, 17, 1, '1', 0, 0, 0, 0),
(4042, 17, 17, 2, '1', 0, 0, 1, 0),
(4043, 17, 17, 3, '1', 0, 0, 1, 0),
(4044, 17, 17, 4, '1', 0, 0, 1, 0),
(4045, 17, 17, 5, '1', 0, 0, 1, 0),
(4046, 17, 17, 6, '1', 0, 0, 1, 0),
(4047, 17, 17, 7, '1', 0, 0, 1, 0),
(4048, 17, 17, 8, '1', 0, 0, 1, 0),
(4049, 17, 17, 9, '1', 0, 0, 1, 0),
(4050, 17, 17, 10, '1', 0, 0, 1, 0),
(4051, 17, 18, 1, '1', 0, 0, 0, 0),
(4052, 17, 18, 2, '1', 0, 0, 1, 0),
(4053, 17, 18, 3, '1', 0, 0, 1, 0),
(4054, 17, 18, 4, '1', 0, 0, 1, 0),
(4055, 17, 18, 5, '1', 0, 0, 1, 0),
(4056, 17, 18, 6, '1', 0, 0, 1, 0),
(4057, 17, 18, 7, '1', 0, 0, 1, 0),
(4058, 17, 18, 8, '1', 0, 0, 1, 0),
(4059, 17, 18, 9, '1', 0, 0, 1, 0),
(4060, 17, 18, 10, '1', 0, 0, 1, 0),
(4061, 17, 19, 1, '1', 0, 0, 0, 0),
(4062, 17, 19, 2, '1', 0, 0, 1, 0),
(4063, 17, 19, 3, '1', 0, 0, 1, 0),
(4064, 17, 19, 4, '1', 0, 0, 1, 0),
(4065, 17, 19, 5, '1', 0, 0, 1, 0),
(4066, 17, 19, 6, '1', 0, 0, 1, 0),
(4067, 17, 19, 7, '1', 0, 0, 1, 0),
(4068, 17, 19, 8, '1', 0, 0, 1, 0),
(4069, 17, 19, 9, '1', 0, 0, 1, 0),
(4070, 17, 19, 10, '1', 0, 0, 1, 0),
(4071, 17, 20, 1, '1', 0, 0, 0, 0),
(4072, 17, 20, 2, '1', 0, 0, 0, 0),
(4073, 17, 20, 3, '1', 0, 0, 0, 0),
(4074, 17, 20, 4, '1', 0, 0, 0, 0),
(4075, 17, 20, 5, '1', 0, 0, 0, 0),
(4076, 17, 20, 6, '1', 0, 0, 0, 0),
(4077, 17, 20, 7, '1', 0, 0, 0, 0),
(4078, 17, 20, 8, '1', 0, 0, 0, 0),
(4079, 17, 20, 9, '1', 0, 0, 0, 0),
(4080, 17, 20, 10, '1', 0, 0, 0, 0),
(4081, 17, 1, 11, '1', 0, 0, 0, 0),
(4082, 17, 1, 12, '1', 0, 0, 0, 0),
(4083, 17, 1, 13, '1', 0, 0, 0, 0),
(4084, 17, 1, 14, '1', 0, 0, 0, 0),
(4085, 17, 1, 15, '1', 0, 0, 0, 0),
(4086, 17, 1, 16, '1', 0, 0, 0, 0),
(4087, 17, 1, 17, '1', 0, 0, 0, 0),
(4088, 17, 1, 18, '1', 0, 0, 0, 0),
(4089, 17, 1, 19, '1', 0, 0, 0, 0),
(4090, 17, 1, 20, '1', 0, 0, 0, 0),
(4091, 17, 2, 11, '1', 0, 0, 1, 0),
(4092, 17, 2, 12, '1', 0, 0, 1, 0),
(4093, 17, 2, 13, '1', 0, 0, 1, 0),
(4094, 17, 2, 14, '1', 0, 0, 1, 0),
(4095, 17, 2, 15, '1', 0, 0, 1, 0),
(4096, 17, 2, 16, '1', 0, 0, 1, 0),
(4097, 17, 2, 17, '1', 0, 0, 1, 0),
(4098, 17, 2, 18, '1', 0, 0, 0, 0),
(4099, 17, 2, 19, '1', 0, 0, 0, 0),
(4100, 17, 2, 20, '1', 0, 0, 0, 0),
(4101, 17, 3, 11, '1', 0, 0, 1, 0),
(4102, 17, 3, 12, '1', 0, 0, 1, 0),
(4103, 17, 3, 13, '1', 0, 0, 1, 0),
(4104, 17, 3, 14, '1', 0, 0, 1, 0),
(4105, 17, 3, 15, '1', 0, 0, 1, 0),
(4106, 17, 3, 16, '1', 0, 0, 1, 0),
(4107, 17, 3, 17, '1', 0, 0, 1, 0),
(4108, 17, 3, 18, '1', 0, 0, 0, 0),
(4109, 17, 3, 19, '1', 0, 0, 0, 0),
(4110, 17, 3, 20, '1', 0, 0, 0, 0),
(4111, 17, 4, 11, '1', 0, 0, 1, 0),
(4112, 17, 4, 12, '1', 0, 0, 1, 0),
(4113, 17, 4, 13, '1', 0, 0, 1, 0),
(4114, 17, 4, 14, '1', 0, 0, 1, 0),
(4115, 17, 4, 15, '1', 0, 0, 1, 0),
(4116, 17, 4, 16, '1', 0, 0, 1, 0),
(4117, 17, 4, 17, '1', 0, 0, 1, 0),
(4118, 17, 4, 18, '1', 0, 0, 0, 0),
(4119, 17, 4, 19, '1', 0, 0, 0, 0),
(4120, 17, 4, 20, '1', 0, 0, 0, 0),
(4121, 17, 5, 11, '1', 0, 0, 1, 0),
(4122, 17, 5, 12, '1', 0, 0, 1, 0),
(4123, 17, 5, 13, '1', 0, 0, 1, 0),
(4124, 17, 5, 14, '1', 0, 0, 1, 0),
(4125, 17, 5, 15, '1', 0, 0, 1, 0),
(4126, 17, 5, 16, '1', 0, 0, 1, 0),
(4127, 17, 5, 17, '1', 0, 0, 1, 0),
(4128, 17, 5, 18, '1', 0, 0, 0, 0),
(4129, 17, 5, 19, '1', 0, 0, 0, 0),
(4130, 17, 5, 20, '1', 0, 0, 0, 0),
(4131, 17, 6, 11, '1', 0, 0, 1, 0),
(4132, 17, 6, 12, '1', 0, 0, 1, 0),
(4133, 17, 6, 13, '1', 0, 0, 1, 0),
(4134, 17, 6, 14, '1', 0, 0, 1, 0),
(4135, 17, 6, 15, '1', 0, 0, 1, 0),
(4136, 17, 6, 16, '1', 0, 0, 1, 0),
(4137, 17, 6, 17, '1', 0, 0, 1, 0),
(4138, 17, 6, 18, '1', 0, 0, 0, 0),
(4139, 17, 6, 19, '1', 0, 0, 0, 0),
(4140, 17, 6, 20, '1', 0, 0, 0, 0),
(4141, 17, 7, 11, '1', 0, 0, 1, 0),
(4142, 17, 7, 12, '1', 0, 0, 1, 0),
(4143, 17, 7, 13, '1', 0, 0, 1, 0),
(4144, 17, 7, 14, '1', 0, 0, 1, 0),
(4145, 17, 7, 15, '1', 0, 0, 1, 0),
(4146, 17, 7, 16, '1', 0, 0, 1, 0),
(4147, 17, 7, 17, '1', 0, 0, 1, 0),
(4148, 17, 7, 18, '1', 0, 0, 0, 0),
(4149, 17, 7, 19, '1', 0, 0, 0, 0),
(4150, 17, 7, 20, '1', 0, 0, 0, 0),
(4151, 17, 8, 11, '1', 0, 0, 1, 0),
(4152, 17, 8, 12, '1', 0, 0, 1, 0),
(4153, 17, 8, 13, '1', 0, 0, 1, 0),
(4154, 17, 8, 14, '1', 0, 0, 1, 0),
(4155, 17, 8, 15, '1', 0, 0, 1, 0),
(4156, 17, 8, 16, '1', 0, 0, 1, 0),
(4157, 17, 8, 17, '1', 0, 0, 1, 0),
(4158, 17, 8, 18, '1', 0, 0, 0, 0),
(4159, 17, 8, 19, '1', 0, 0, 0, 0),
(4160, 17, 8, 20, '1', 0, 0, 0, 0),
(4161, 17, 9, 11, '1', 0, 0, 1, 0),
(4162, 17, 9, 12, '1', 0, 0, 1, 0),
(4163, 17, 9, 13, '1', 0, 0, 1, 0),
(4164, 17, 9, 14, '1', 0, 0, 1, 0),
(4165, 17, 9, 15, '1', 0, 0, 1, 0),
(4166, 17, 9, 16, '1', 0, 0, 1, 0),
(4167, 17, 9, 17, '1', 0, 0, 1, 0),
(4168, 17, 9, 18, '1', 0, 0, 0, 0),
(4169, 17, 9, 19, '1', 0, 0, 0, 0),
(4170, 17, 9, 20, '1', 0, 0, 0, 0),
(4171, 17, 10, 11, '1', 0, 0, 1, 0),
(4172, 17, 10, 12, '1', 0, 0, 1, 0),
(4173, 17, 10, 13, '1', 0, 0, 1, 0),
(4174, 17, 10, 14, '1', 0, 0, 1, 0),
(4175, 17, 10, 15, '1', 0, 0, 1, 0),
(4176, 17, 10, 16, '1', 0, 0, 1, 0),
(4177, 17, 10, 17, '1', 0, 0, 1, 0),
(4178, 17, 10, 18, '1', 0, 0, 0, 0),
(4179, 17, 10, 19, '1', 0, 0, 0, 0),
(4180, 17, 10, 20, '1', 0, 0, 0, 0),
(4181, 17, 11, 11, '1', 0, 0, 1, 0),
(4182, 17, 11, 12, '1', 0, 0, 1, 0),
(4183, 17, 11, 13, '1', 0, 0, 1, 0),
(4184, 17, 11, 14, '1', 0, 0, 1, 0),
(4185, 17, 11, 15, '1', 0, 0, 1, 0),
(4186, 17, 11, 16, '1', 0, 0, 1, 0),
(4187, 17, 11, 17, '1', 0, 0, 1, 0),
(4188, 17, 11, 18, '1', 0, 0, 0, 0),
(4189, 17, 11, 19, '1', 0, 0, 0, 0),
(4190, 17, 11, 20, '1', 0, 0, 0, 0),
(4191, 17, 12, 11, '1', 0, 0, 1, 0),
(4192, 17, 12, 12, '1', 0, 0, 1, 0),
(4193, 17, 12, 13, '1', 0, 0, 1, 0),
(4194, 17, 12, 14, '1', 0, 0, 1, 0),
(4195, 17, 12, 15, '1', 0, 0, 1, 0),
(4196, 17, 12, 16, '1', 0, 0, 1, 0),
(4197, 17, 12, 17, '1', 0, 0, 1, 0),
(4198, 17, 12, 18, '1', 0, 0, 0, 0),
(4199, 17, 12, 19, '1', 0, 0, 0, 0),
(4200, 17, 12, 20, '1', 0, 0, 0, 0),
(4201, 17, 13, 11, '1', 0, 0, 1, 0),
(4202, 17, 13, 12, '1', 0, 0, 1, 0),
(4203, 17, 13, 13, '1', 0, 0, 1, 0),
(4204, 17, 13, 14, '1', 0, 0, 1, 0),
(4205, 17, 13, 15, '1', 0, 0, 1, 0),
(4206, 17, 13, 16, '1', 0, 0, 1, 0),
(4207, 17, 13, 17, '1', 0, 0, 1, 0),
(4208, 17, 13, 18, '1', 0, 0, 0, 0),
(4209, 17, 13, 19, '1', 0, 0, 0, 0),
(4210, 17, 13, 20, '1', 0, 0, 0, 0),
(4211, 17, 14, 11, '1', 0, 0, 1, 0),
(4212, 17, 14, 12, '1', 0, 0, 1, 0),
(4213, 17, 14, 13, '1', 0, 0, 1, 0),
(4214, 17, 14, 14, '1', 0, 0, 1, 0),
(4215, 17, 14, 15, '1', 0, 0, 1, 0),
(4216, 17, 14, 16, '1', 0, 0, 1, 0),
(4217, 17, 14, 17, '1', 0, 0, 1, 0),
(4218, 17, 14, 18, '1', 0, 0, 0, 0),
(4219, 17, 14, 19, '1', 0, 0, 0, 0),
(4220, 17, 14, 20, '1', 0, 0, 0, 0),
(4221, 17, 15, 11, '1', 0, 0, 1, 0),
(4222, 17, 15, 12, '1', 0, 0, 1, 0),
(4223, 17, 15, 13, '1', 0, 0, 1, 0),
(4224, 17, 15, 14, '1', 0, 0, 1, 0),
(4225, 17, 15, 15, '1', 0, 0, 1, 0),
(4226, 17, 15, 16, '1', 0, 0, 1, 0),
(4227, 17, 15, 17, '1', 0, 0, 1, 0),
(4228, 17, 15, 18, '1', 0, 0, 0, 0),
(4229, 17, 15, 19, '1', 0, 0, 0, 0),
(4230, 17, 15, 20, '1', 0, 0, 0, 0),
(4231, 17, 16, 11, '1', 0, 0, 1, 0),
(4232, 17, 16, 12, '1', 0, 0, 1, 0),
(4233, 17, 16, 13, '1', 0, 0, 1, 0),
(4234, 17, 16, 14, '1', 0, 0, 1, 0),
(4235, 17, 16, 15, '1', 0, 0, 1, 0),
(4236, 17, 16, 16, '1', 0, 0, 1, 0),
(4237, 17, 16, 17, '1', 0, 0, 1, 0),
(4238, 17, 16, 18, '1', 0, 0, 0, 0),
(4239, 17, 16, 19, '1', 0, 0, 0, 0),
(4240, 17, 16, 20, '1', 0, 0, 0, 0),
(4241, 17, 17, 11, '1', 0, 0, 1, 0),
(4242, 17, 17, 12, '1', 0, 0, 1, 0),
(4243, 17, 17, 13, '1', 0, 0, 1, 0),
(4244, 17, 17, 14, '1', 0, 0, 1, 0),
(4245, 17, 17, 15, '1', 0, 0, 1, 0),
(4246, 17, 17, 16, '1', 0, 0, 1, 0),
(4247, 17, 17, 17, '1', 0, 0, 1, 0),
(4248, 17, 17, 18, '1', 0, 0, 0, 0),
(4249, 17, 17, 19, '1', 0, 0, 0, 0),
(4250, 17, 17, 20, '1', 0, 0, 0, 0),
(4251, 17, 18, 11, '1', 0, 0, 1, 0),
(4252, 17, 18, 12, '1', 0, 0, 1, 0),
(4253, 17, 18, 13, '1', 0, 0, 1, 0),
(4254, 17, 18, 14, '1', 0, 0, 0, 0),
(4255, 17, 18, 15, '1', 0, 0, 0, 0),
(4256, 17, 18, 16, '1', 0, 0, 0, 0),
(4257, 17, 18, 17, '1', 0, 0, 0, 0),
(4258, 17, 18, 18, '1', 0, 0, 0, 0),
(4259, 17, 18, 19, '1', 0, 0, 0, 0),
(4260, 17, 18, 20, '1', 0, 0, 0, 0),
(4261, 17, 19, 11, '1', 0, 0, 1, 0),
(4262, 17, 19, 12, '1', 0, 0, 1, 0),
(4263, 17, 19, 13, '1', 0, 0, 1, 0),
(4264, 17, 19, 14, '1', 0, 0, 0, 0),
(4265, 17, 19, 15, '1', 0, 0, 0, 0),
(4266, 17, 19, 16, '1', 0, 0, 0, 0),
(4267, 17, 19, 17, '1', 0, 0, 0, 0),
(4268, 17, 19, 18, '1', 0, 0, 0, 0),
(4269, 17, 19, 19, '1', 0, 0, 0, 0),
(4270, 17, 19, 20, '1', 0, 0, 0, 0),
(4271, 17, 20, 11, '1', 0, 0, 0, 0),
(4272, 17, 20, 12, '1', 0, 0, 0, 0),
(4273, 17, 20, 13, '1', 0, 0, 0, 0),
(4274, 17, 20, 14, '1', 0, 0, 0, 0),
(4275, 17, 20, 15, '1', 0, 0, 0, 0),
(4276, 17, 20, 16, '1', 0, 0, 0, 0),
(4277, 17, 20, 17, '1', 0, 0, 0, 0),
(4278, 17, 20, 18, '1', 0, 0, 0, 0),
(4279, 17, 20, 19, '1', 0, 0, 0, 0),
(4280, 17, 20, 20, '1', 0, 0, 0, 0),
(8781, 24, 1, 1, '1', 0, 0, 0, 0),
(8782, 24, 1, 2, '1', 0, 0, 0, 0),
(8783, 24, 1, 3, '1', 0, 0, 0, 0),
(8784, 24, 1, 4, '1', 0, 0, 0, 0),
(8785, 24, 1, 5, '1', 0, 0, 0, 0),
(8786, 24, 1, 6, '1', 0, 0, 0, 0),
(8787, 24, 1, 7, '1', 0, 0, 0, 0),
(8788, 24, 1, 8, '1', 0, 0, 0, 0),
(8789, 24, 1, 9, '1', 0, 0, 0, 0),
(8790, 24, 1, 10, '1', 0, 0, 0, 0),
(8791, 24, 1, 11, '1', 0, 0, 0, 0),
(8792, 24, 1, 12, '1', 0, 0, 0, 0),
(8793, 24, 1, 13, '1', 0, 0, 0, 0),
(8794, 24, 1, 14, '1', 0, 0, 0, 0),
(8795, 24, 1, 15, '1', 0, 0, 0, 0),
(8796, 24, 1, 16, '1', 0, 0, 0, 0),
(8797, 24, 1, 17, '1', 0, 0, 0, 0),
(8798, 24, 1, 18, '1', 0, 0, 0, 0),
(8799, 24, 1, 19, '1', 0, 0, 0, 0),
(8800, 24, 1, 20, '1', 0, 0, 0, 0),
(8801, 24, 2, 1, '1', 0, 0, 0, 0),
(8802, 24, 2, 2, '1', 0, 0, 1, 0),
(8803, 24, 2, 3, '1', 0, 0, 1, 0),
(8804, 24, 2, 4, '1', 0, 0, 1, 0),
(8805, 24, 2, 5, '1', 0, 0, 1, 0),
(8806, 24, 2, 6, '1', 0, 0, 1, 0),
(8807, 24, 2, 7, '1', 0, 0, 1, 0),
(8808, 24, 2, 8, '1', 0, 0, 1, 0),
(8809, 24, 2, 9, '1', 0, 0, 1, 0),
(8810, 24, 2, 10, '1', 0, 0, 1, 0),
(8811, 24, 2, 11, '1', 0, 0, 1, 0),
(8812, 24, 2, 12, '1', 0, 0, 1, 0),
(8813, 24, 2, 13, '1', 0, 0, 1, 0),
(8814, 24, 2, 14, '1', 0, 0, 1, 0),
(8815, 24, 2, 15, '1', 0, 0, 1, 0),
(8816, 24, 2, 16, '1', 0, 0, 1, 0),
(8817, 24, 2, 17, '1', 0, 0, 1, 0),
(8818, 24, 2, 18, '1', 0, 0, 1, 0),
(8819, 24, 2, 19, '1', 0, 0, 0, 0),
(8820, 24, 2, 20, '1', 0, 0, 0, 0),
(8821, 24, 3, 1, '1', 0, 0, 0, 0),
(8822, 24, 3, 2, '1', 0, 0, 1, 0),
(8823, 24, 3, 3, '1', 0, 0, 1, 0),
(8824, 24, 3, 4, '1', 0, 0, 1, 0),
(8825, 24, 3, 5, '1', 0, 0, 1, 0),
(8826, 24, 3, 6, '1', 0, 0, 1, 0),
(8827, 24, 3, 7, '1', 0, 0, 1, 0),
(8828, 24, 3, 8, '1', 0, 0, 1, 0),
(8829, 24, 3, 9, '1', 0, 0, 1, 0),
(8830, 24, 3, 10, '1', 0, 0, 1, 0),
(8831, 24, 3, 11, '1', 0, 0, 1, 0),
(8832, 24, 3, 12, '1', 0, 0, 1, 0),
(8833, 24, 3, 13, '1', 0, 0, 1, 0),
(8834, 24, 3, 14, '1', 0, 0, 1, 0),
(8835, 24, 3, 15, '1', 0, 0, 1, 0),
(8836, 24, 3, 16, '1', 0, 0, 1, 0),
(8837, 24, 3, 17, '1', 0, 0, 1, 0),
(8838, 24, 3, 18, '1', 0, 0, 1, 0),
(8839, 24, 3, 19, '1', 0, 0, 0, 0),
(8840, 24, 3, 20, '1', 0, 0, 0, 0),
(8841, 24, 4, 1, '1', 0, 0, 0, 0),
(8842, 24, 4, 2, '1', 0, 0, 1, 0),
(8843, 24, 4, 3, '1', 0, 0, 1, 0),
(8844, 24, 4, 4, '1', 0, 0, 1, 0),
(8845, 24, 4, 5, '1', 0, 0, 1, 0),
(8846, 24, 4, 6, '1', 0, 0, 1, 0),
(8847, 24, 4, 7, '1', 0, 0, 1, 0),
(8848, 24, 4, 8, '1', 0, 0, 1, 0),
(8849, 24, 4, 9, '1', 0, 0, 1, 0),
(8850, 24, 4, 10, '1', 0, 0, 1, 0),
(8851, 24, 4, 11, '1', 0, 0, 1, 0),
(8852, 24, 4, 12, '1', 0, 0, 1, 0),
(8853, 24, 4, 13, '1', 0, 0, 1, 0),
(8854, 24, 4, 14, '1', 0, 0, 1, 0),
(8855, 24, 4, 15, '1', 0, 0, 1, 0),
(8856, 24, 4, 16, '1', 0, 0, 1, 0),
(8857, 24, 4, 17, '1', 0, 0, 1, 0),
(8858, 24, 4, 18, '1', 0, 0, 1, 0),
(8859, 24, 4, 19, '1', 0, 0, 0, 0),
(8860, 24, 4, 20, '1', 0, 0, 0, 0),
(8861, 24, 5, 1, '1', 0, 0, 0, 0),
(8862, 24, 5, 2, '1', 0, 0, 1, 0),
(8863, 24, 5, 3, '1', 0, 0, 1, 0),
(8864, 24, 5, 4, '1', 0, 0, 1, 0),
(8865, 24, 5, 5, '1', 0, 0, 1, 0),
(8866, 24, 5, 6, '1', 0, 0, 1, 0),
(8867, 24, 5, 7, '1', 0, 0, 1, 0),
(8868, 24, 5, 8, '1', 0, 0, 1, 0),
(8869, 24, 5, 9, '1', 0, 0, 1, 0),
(8870, 24, 5, 10, '1', 0, 0, 1, 0),
(8871, 24, 5, 11, '1', 0, 0, 1, 0),
(8872, 24, 5, 12, '1', 0, 0, 1, 0),
(8873, 24, 5, 13, '1', 0, 0, 1, 0);
INSERT INTO `cases` (`id`, `idcarte`, `x`, `y`, `vision`, `idunite`, `iddecors`, `etatCase`, `bloque`) VALUES
(8874, 24, 5, 14, '1', 0, 0, 1, 0),
(8875, 24, 5, 15, '1', 0, 0, 1, 0),
(8876, 24, 5, 16, '1', 0, 0, 1, 0),
(8877, 24, 5, 17, '1', 0, 0, 1, 0),
(8878, 24, 5, 18, '1', 0, 0, 1, 0),
(8879, 24, 5, 19, '1', 0, 0, 0, 0),
(8880, 24, 5, 20, '1', 0, 0, 0, 0),
(8881, 24, 6, 1, '1', 0, 0, 0, 0),
(8882, 24, 6, 2, '1', 0, 0, 1, 0),
(8883, 24, 6, 3, '1', 0, 0, 1, 0),
(8884, 24, 6, 4, '1', 0, 0, 1, 0),
(8885, 24, 6, 5, '1', 0, 0, 1, 0),
(8886, 24, 6, 6, '1', 0, 0, 1, 0),
(8887, 24, 6, 7, '1', 0, 0, 1, 0),
(8888, 24, 6, 8, '1', 0, 0, 1, 0),
(8889, 24, 6, 9, '1', 0, 0, 1, 0),
(8890, 24, 6, 10, '1', 0, 0, 1, 0),
(8891, 24, 6, 11, '1', 0, 0, 1, 0),
(8892, 24, 6, 12, '1', 0, 0, 1, 0),
(8893, 24, 6, 13, '1', 0, 0, 1, 0),
(8894, 24, 6, 14, '1', 0, 0, 1, 0),
(8895, 24, 6, 15, '1', 0, 0, 1, 0),
(8896, 24, 6, 16, '1', 0, 0, 1, 0),
(8897, 24, 6, 17, '1', 0, 0, 1, 0),
(8898, 24, 6, 18, '1', 0, 0, 1, 0),
(8899, 24, 6, 19, '1', 0, 0, 0, 0),
(8900, 24, 6, 20, '1', 0, 0, 0, 0),
(8901, 24, 7, 1, '1', 0, 0, 0, 0),
(8902, 24, 7, 2, '1', 0, 0, 1, 0),
(8903, 24, 7, 3, '1', 0, 0, 1, 0),
(8904, 24, 7, 4, '1', 0, 0, 1, 0),
(8905, 24, 7, 5, '1', 0, 0, 1, 0),
(8906, 24, 7, 6, '1', 0, 0, 1, 0),
(8907, 24, 7, 7, '1', 0, 0, 1, 0),
(8908, 24, 7, 8, '1', 0, 0, 1, 0),
(8909, 24, 7, 9, '1', 0, 0, 1, 0),
(8910, 24, 7, 10, '1', 0, 0, 1, 0),
(8911, 24, 7, 11, '1', 0, 0, 1, 0),
(8912, 24, 7, 12, '1', 0, 0, 1, 0),
(8913, 24, 7, 13, '1', 0, 0, 1, 0),
(8914, 24, 7, 14, '1', 0, 0, 1, 0),
(8915, 24, 7, 15, '1', 0, 0, 1, 0),
(8916, 24, 7, 16, '1', 0, 0, 1, 0),
(8917, 24, 7, 17, '1', 0, 0, 1, 0),
(8918, 24, 7, 18, '1', 0, 0, 1, 0),
(8919, 24, 7, 19, '1', 0, 0, 0, 0),
(8920, 24, 7, 20, '1', 0, 0, 0, 0),
(8921, 24, 8, 1, '1', 0, 0, 0, 0),
(8922, 24, 8, 2, '1', 0, 0, 1, 0),
(8923, 24, 8, 3, '1', 0, 0, 1, 0),
(8924, 24, 8, 4, '1', 0, 0, 1, 0),
(8925, 24, 8, 5, '1', 0, 0, 1, 0),
(8926, 24, 8, 6, '1', 0, 0, 1, 0),
(8927, 24, 8, 7, '1', 0, 0, 1, 0),
(8928, 24, 8, 8, '1', 0, 0, 1, 0),
(8929, 24, 8, 9, '1', 0, 0, 1, 0),
(8930, 24, 8, 10, '1', 0, 0, 1, 0),
(8931, 24, 8, 11, '1', 0, 0, 1, 0),
(8932, 24, 8, 12, '1', 0, 0, 1, 0),
(8933, 24, 8, 13, '1', 0, 0, 1, 0),
(8934, 24, 8, 14, '1', 0, 0, 1, 0),
(8935, 24, 8, 15, '1', 0, 0, 1, 0),
(8936, 24, 8, 16, '1', 0, 0, 1, 0),
(8937, 24, 8, 17, '1', 0, 0, 1, 0),
(8938, 24, 8, 18, '1', 0, 0, 1, 0),
(8939, 24, 8, 19, '1', 0, 0, 0, 0),
(8940, 24, 8, 20, '1', 0, 0, 0, 0),
(8941, 24, 9, 1, '1', 0, 0, 0, 0),
(8942, 24, 9, 2, '1', 0, 0, 1, 0),
(8943, 24, 9, 3, '1', 0, 0, 1, 0),
(8944, 24, 9, 4, '1', 0, 0, 1, 0),
(8945, 24, 9, 5, '1', 0, 0, 1, 0),
(8946, 24, 9, 6, '1', 0, 0, 1, 0),
(8947, 24, 9, 7, '1', 0, 0, 1, 0),
(8948, 24, 9, 8, '1', 0, 0, 1, 0),
(8949, 24, 9, 9, '1', 0, 0, 1, 0),
(8950, 24, 9, 10, '1', 0, 0, 1, 0),
(8951, 24, 9, 11, '1', 0, 0, 1, 0),
(8952, 24, 9, 12, '1', 0, 0, 1, 0),
(8953, 24, 9, 13, '1', 0, 0, 1, 0),
(8954, 24, 9, 14, '1', 0, 0, 1, 0),
(8955, 24, 9, 15, '1', 0, 0, 1, 0),
(8956, 24, 9, 16, '1', 0, 0, 1, 0),
(8957, 24, 9, 17, '1', 0, 0, 1, 0),
(8958, 24, 9, 18, '1', 0, 0, 1, 0),
(8959, 24, 9, 19, '1', 0, 0, 0, 0),
(8960, 24, 9, 20, '1', 0, 0, 0, 0),
(8961, 24, 10, 1, '1', 0, 0, 0, 0),
(8962, 24, 10, 2, '1', 0, 0, 1, 0),
(8963, 24, 10, 3, '1', 0, 0, 1, 0),
(8964, 24, 10, 4, '1', 0, 0, 1, 0),
(8965, 24, 10, 5, '1', 0, 0, 1, 0),
(8966, 24, 10, 6, '1', 0, 0, 1, 0),
(8967, 24, 10, 7, '1', 0, 0, 1, 0),
(8968, 24, 10, 8, '1', 0, 0, 1, 0),
(8969, 24, 10, 9, '1', 0, 0, 1, 0),
(8970, 24, 10, 10, '1', 0, 0, 1, 0),
(8971, 24, 10, 11, '1', 0, 0, 1, 0),
(8972, 24, 10, 12, '1', 0, 0, 1, 0),
(8973, 24, 10, 13, '1', 0, 0, 1, 0),
(8974, 24, 10, 14, '1', 0, 0, 1, 0),
(8975, 24, 10, 15, '1', 0, 0, 1, 0),
(8976, 24, 10, 16, '1', 0, 0, 1, 0),
(8977, 24, 10, 17, '1', 0, 0, 1, 0),
(8978, 24, 10, 18, '1', 0, 0, 1, 0),
(8979, 24, 10, 19, '1', 0, 0, 0, 0),
(8980, 24, 10, 20, '1', 0, 0, 0, 0),
(8981, 24, 11, 1, '1', 0, 0, 0, 0),
(8982, 24, 11, 2, '1', 0, 0, 1, 0),
(8983, 24, 11, 3, '1', 0, 0, 1, 0),
(8984, 24, 11, 4, '1', 0, 0, 1, 0),
(8985, 24, 11, 5, '1', 0, 0, 1, 0),
(8986, 24, 11, 6, '1', 0, 0, 1, 0),
(8987, 24, 11, 7, '1', 0, 0, 1, 0),
(8988, 24, 11, 8, '1', 0, 0, 1, 0),
(8989, 24, 11, 9, '1', 0, 0, 1, 0),
(8990, 24, 11, 10, '1', 0, 0, 1, 0),
(8991, 24, 11, 11, '1', 0, 0, 1, 0),
(8992, 24, 11, 12, '1', 0, 0, 1, 0),
(8993, 24, 11, 13, '1', 0, 0, 1, 0),
(8994, 24, 11, 14, '1', 0, 0, 1, 0),
(8995, 24, 11, 15, '1', 0, 0, 1, 0),
(8996, 24, 11, 16, '1', 0, 0, 1, 0),
(8997, 24, 11, 17, '1', 0, 0, 1, 0),
(8998, 24, 11, 18, '1', 0, 0, 1, 0),
(8999, 24, 11, 19, '1', 0, 0, 0, 0),
(9000, 24, 11, 20, '1', 0, 0, 0, 0),
(9001, 24, 12, 1, '1', 0, 0, 0, 0),
(9002, 24, 12, 2, '1', 0, 0, 1, 0),
(9003, 24, 12, 3, '1', 0, 0, 1, 0),
(9004, 24, 12, 4, '1', 0, 0, 1, 0),
(9005, 24, 12, 5, '1', 0, 0, 1, 0),
(9006, 24, 12, 6, '1', 0, 0, 1, 0),
(9007, 24, 12, 7, '1', 0, 0, 1, 0),
(9008, 24, 12, 8, '1', 0, 0, 1, 0),
(9009, 24, 12, 9, '1', 0, 0, 1, 0),
(9010, 24, 12, 10, '1', 0, 0, 1, 0),
(9011, 24, 12, 11, '1', 0, 0, 1, 0),
(9012, 24, 12, 12, '1', 0, 0, 1, 0),
(9013, 24, 12, 13, '1', 0, 0, 1, 0),
(9014, 24, 12, 14, '1', 0, 0, 1, 0),
(9015, 24, 12, 15, '1', 0, 0, 1, 0),
(9016, 24, 12, 16, '1', 0, 0, 1, 0),
(9017, 24, 12, 17, '1', 0, 0, 1, 0),
(9018, 24, 12, 18, '1', 0, 0, 1, 0),
(9019, 24, 12, 19, '1', 0, 0, 0, 0),
(9020, 24, 12, 20, '1', 0, 0, 0, 0),
(9021, 24, 13, 1, '1', 0, 0, 0, 0),
(9022, 24, 13, 2, '1', 0, 0, 1, 0),
(9023, 24, 13, 3, '1', 0, 0, 1, 0),
(9024, 24, 13, 4, '1', 0, 0, 1, 0),
(9025, 24, 13, 5, '1', 0, 0, 1, 0),
(9026, 24, 13, 6, '1', 0, 0, 1, 0),
(9027, 24, 13, 7, '1', 0, 0, 1, 0),
(9028, 24, 13, 8, '1', 0, 0, 1, 0),
(9029, 24, 13, 9, '1', 0, 0, 1, 0),
(9030, 24, 13, 10, '1', 0, 0, 1, 0),
(9031, 24, 13, 11, '1', 0, 0, 1, 0),
(9032, 24, 13, 12, '1', 0, 0, 1, 0),
(9033, 24, 13, 13, '1', 0, 0, 1, 0),
(9034, 24, 13, 14, '1', 0, 0, 1, 0),
(9035, 24, 13, 15, '1', 0, 0, 1, 0),
(9036, 24, 13, 16, '1', 0, 0, 1, 0),
(9037, 24, 13, 17, '1', 0, 0, 1, 0),
(9038, 24, 13, 18, '1', 0, 0, 1, 0),
(9039, 24, 13, 19, '1', 0, 0, 0, 0),
(9040, 24, 13, 20, '1', 0, 0, 0, 0),
(9041, 24, 14, 1, '1', 0, 0, 0, 0),
(9042, 24, 14, 2, '1', 0, 0, 1, 0),
(9043, 24, 14, 3, '1', 0, 0, 1, 0),
(9044, 24, 14, 4, '1', 0, 0, 1, 0),
(9045, 24, 14, 5, '1', 0, 0, 1, 0),
(9046, 24, 14, 6, '1', 0, 0, 1, 0),
(9047, 24, 14, 7, '1', 0, 0, 1, 0),
(9048, 24, 14, 8, '1', 0, 0, 1, 0),
(9049, 24, 14, 9, '1', 0, 0, 1, 0),
(9050, 24, 14, 10, '1', 0, 0, 1, 0),
(9051, 24, 14, 11, '1', 0, 0, 1, 0),
(9052, 24, 14, 12, '1', 0, 0, 1, 0),
(9053, 24, 14, 13, '1', 0, 0, 1, 0),
(9054, 24, 14, 14, '1', 0, 0, 1, 0),
(9055, 24, 14, 15, '1', 0, 0, 1, 0),
(9056, 24, 14, 16, '1', 0, 0, 1, 0),
(9057, 24, 14, 17, '1', 0, 0, 1, 0),
(9058, 24, 14, 18, '1', 0, 0, 1, 0),
(9059, 24, 14, 19, '1', 0, 0, 0, 0),
(9060, 24, 14, 20, '1', 0, 0, 0, 0),
(9061, 24, 15, 1, '1', 0, 0, 0, 0),
(9062, 24, 15, 2, '1', 0, 0, 1, 0),
(9063, 24, 15, 3, '1', 0, 0, 1, 0),
(9064, 24, 15, 4, '1', 0, 0, 1, 0),
(9065, 24, 15, 5, '1', 0, 0, 1, 0),
(9066, 24, 15, 6, '1', 0, 0, 1, 0),
(9067, 24, 15, 7, '1', 0, 0, 1, 0),
(9068, 24, 15, 8, '1', 0, 0, 1, 0),
(9069, 24, 15, 9, '1', 0, 0, 1, 0),
(9070, 24, 15, 10, '1', 0, 0, 1, 0),
(9071, 24, 15, 11, '1', 0, 0, 1, 0),
(9072, 24, 15, 12, '1', 0, 0, 1, 0),
(9073, 24, 15, 13, '1', 0, 0, 1, 0),
(9074, 24, 15, 14, '1', 0, 0, 1, 0),
(9075, 24, 15, 15, '1', 0, 0, 1, 0),
(9076, 24, 15, 16, '1', 0, 0, 1, 0),
(9077, 24, 15, 17, '1', 0, 0, 1, 0),
(9078, 24, 15, 18, '1', 0, 0, 1, 0),
(9079, 24, 15, 19, '1', 0, 0, 0, 0),
(9080, 24, 15, 20, '1', 0, 0, 0, 0),
(9081, 24, 16, 1, '1', 0, 0, 0, 0),
(9082, 24, 16, 2, '1', 0, 0, 1, 0),
(9083, 24, 16, 3, '1', 0, 0, 1, 0),
(9084, 24, 16, 4, '1', 0, 0, 1, 0),
(9085, 24, 16, 5, '1', 0, 0, 1, 0),
(9086, 24, 16, 6, '1', 0, 0, 1, 0),
(9087, 24, 16, 7, '1', 0, 0, 1, 0),
(9088, 24, 16, 8, '1', 0, 0, 1, 0),
(9089, 24, 16, 9, '1', 0, 0, 1, 0),
(9090, 24, 16, 10, '1', 0, 0, 1, 0),
(9091, 24, 16, 11, '1', 0, 0, 1, 0),
(9092, 24, 16, 12, '1', 0, 0, 1, 0),
(9093, 24, 16, 13, '1', 0, 0, 1, 0),
(9094, 24, 16, 14, '1', 0, 0, 1, 0),
(9095, 24, 16, 15, '1', 0, 0, 1, 0),
(9096, 24, 16, 16, '1', 0, 0, 1, 0),
(9097, 24, 16, 17, '1', 0, 0, 1, 0),
(9098, 24, 16, 18, '1', 0, 0, 1, 0),
(9099, 24, 16, 19, '1', 0, 0, 0, 0),
(9100, 24, 16, 20, '1', 0, 0, 0, 0),
(9101, 24, 17, 1, '1', 0, 0, 0, 0),
(9102, 24, 17, 2, '1', 0, 0, 1, 0),
(9103, 24, 17, 3, '1', 0, 0, 1, 0),
(9104, 24, 17, 4, '1', 0, 0, 1, 0),
(9105, 24, 17, 5, '1', 0, 0, 1, 0),
(9106, 24, 17, 6, '1', 0, 0, 1, 0),
(9107, 24, 17, 7, '1', 0, 0, 1, 0),
(9108, 24, 17, 8, '1', 0, 0, 1, 0),
(9109, 24, 17, 9, '1', 0, 0, 1, 0),
(9110, 24, 17, 10, '1', 0, 0, 1, 0),
(9111, 24, 17, 11, '1', 0, 0, 1, 0),
(9112, 24, 17, 12, '1', 0, 0, 1, 0),
(9113, 24, 17, 13, '1', 0, 0, 1, 0),
(9114, 24, 17, 14, '1', 0, 0, 1, 0),
(9115, 24, 17, 15, '1', 0, 0, 1, 0),
(9116, 24, 17, 16, '1', 0, 0, 1, 0),
(9117, 24, 17, 17, '1', 0, 0, 1, 0),
(9118, 24, 17, 18, '1', 0, 0, 1, 0),
(9119, 24, 17, 19, '1', 0, 0, 0, 0),
(9120, 24, 17, 20, '1', 0, 0, 0, 0),
(9121, 24, 18, 1, '1', 0, 0, 0, 0),
(9122, 24, 18, 2, '1', 0, 0, 1, 0),
(9123, 24, 18, 3, '1', 0, 0, 1, 0),
(9124, 24, 18, 4, '1', 0, 0, 1, 0),
(9125, 24, 18, 5, '1', 0, 0, 1, 0),
(9126, 24, 18, 6, '1', 0, 0, 1, 0),
(9127, 24, 18, 7, '1', 0, 0, 1, 0),
(9128, 24, 18, 8, '1', 0, 0, 1, 0),
(9129, 24, 18, 9, '1', 0, 0, 1, 0),
(9130, 24, 18, 10, '1', 0, 0, 1, 0),
(9131, 24, 18, 11, '1', 0, 0, 1, 0),
(9132, 24, 18, 12, '1', 0, 0, 1, 0),
(9133, 24, 18, 13, '1', 0, 0, 1, 0),
(9134, 24, 18, 14, '1', 0, 0, 1, 0),
(9135, 24, 18, 15, '1', 0, 0, 1, 0),
(9136, 24, 18, 16, '1', 0, 0, 1, 0),
(9137, 24, 18, 17, '1', 0, 0, 1, 0),
(9138, 24, 18, 18, '1', 0, 0, 1, 0),
(9139, 24, 18, 19, '1', 0, 0, 0, 0),
(9140, 24, 18, 20, '1', 0, 0, 0, 0),
(9141, 24, 19, 1, '1', 0, 0, 0, 0),
(9142, 24, 19, 2, '1', 0, 0, 1, 0),
(9143, 24, 19, 3, '1', 0, 0, 1, 0),
(9144, 24, 19, 4, '1', 0, 0, 1, 0),
(9145, 24, 19, 5, '1', 0, 0, 1, 0),
(9146, 24, 19, 6, '1', 0, 0, 1, 0),
(9147, 24, 19, 7, '1', 0, 0, 1, 0),
(9148, 24, 19, 8, '1', 0, 0, 1, 0),
(9149, 24, 19, 9, '1', 0, 0, 1, 0),
(9150, 24, 19, 10, '1', 0, 0, 1, 0),
(9151, 24, 19, 11, '1', 0, 0, 1, 0),
(9152, 24, 19, 12, '1', 0, 0, 1, 0),
(9153, 24, 19, 13, '1', 0, 0, 1, 0),
(9154, 24, 19, 14, '1', 0, 0, 1, 0),
(9155, 24, 19, 15, '1', 0, 0, 0, 0),
(9156, 24, 19, 16, '1', 0, 0, 0, 0),
(9157, 24, 19, 17, '1', 0, 0, 0, 0),
(9158, 24, 19, 18, '1', 0, 0, 0, 0),
(9159, 24, 19, 19, '1', 0, 0, 0, 0),
(9160, 24, 19, 20, '1', 0, 0, 0, 0),
(9161, 24, 20, 1, '1', 0, 0, 0, 0),
(9162, 24, 20, 2, '1', 0, 0, 1, 0),
(9163, 24, 20, 3, '1', 0, 0, 1, 0),
(9164, 24, 20, 4, '1', 0, 0, 1, 0),
(9165, 24, 20, 5, '1', 0, 0, 1, 0),
(9166, 24, 20, 6, '1', 0, 0, 1, 0),
(9167, 24, 20, 7, '1', 0, 0, 1, 0),
(9168, 24, 20, 8, '1', 0, 0, 1, 0),
(9169, 24, 20, 9, '1', 0, 0, 1, 0),
(9170, 24, 20, 10, '1', 0, 0, 1, 0),
(9171, 24, 20, 11, '1', 0, 0, 1, 0),
(9172, 24, 20, 12, '1', 0, 0, 1, 0),
(9173, 24, 20, 13, '1', 0, 0, 1, 0),
(9174, 24, 20, 14, '1', 0, 0, 1, 0),
(9175, 24, 20, 15, '1', 0, 0, 0, 0),
(9176, 24, 20, 16, '1', 0, 0, 0, 0),
(9177, 24, 20, 17, '1', 0, 0, 0, 0),
(9178, 24, 20, 18, '1', 0, 0, 0, 0),
(9179, 24, 20, 19, '1', 0, 0, 0, 0),
(9180, 24, 20, 20, '1', 0, 0, 0, 0);

-- --------------------------------------------------------

--
-- Table structure for table `categorie`
--

DROP TABLE IF EXISTS `categorie`;
CREATE TABLE IF NOT EXISTS `categorie` (
  `id` bigint(20) NOT NULL AUTO_INCREMENT,
  `nom` varchar(50) NOT NULL,
  `description` text NOT NULL,
  `idtype` bigint(20) NOT NULL DEFAULT '1',
  PRIMARY KEY (`id`)
) ENGINE=InnoDB  DEFAULT CHARSET=latin1 AUTO_INCREMENT=7 ;

--
-- Dumping data for table `categorie`
--

INSERT INTO `categorie` (`id`, `nom`, `description`, `idtype`) VALUES
(1, 'Arme de base', 'Armes de base', 1),
(2, 'Arme Lourde', 'Armes lourdes', 1),
(3, 'Arme Corps a Corps', 'Arme de corps ? corps', 1),
(4, 'Grenades et Missiles', 'Diff?rents types de grenades et missiles pour les arme ? munitions', 1),
(5, 'Armure L?g?re', 'Armure L?g?re', 2),
(6, 'Armure Lourde', 'Armure Lourde', 2);

-- --------------------------------------------------------

--
-- Table structure for table `chat_carte`
--

DROP TABLE IF EXISTS `chat_carte`;
CREATE TABLE IF NOT EXISTS `chat_carte` (
  `idchat` int(11) unsigned NOT NULL AUTO_INCREMENT,
  `idjoueur` int(11) unsigned NOT NULL DEFAULT '0',
  `message` text NOT NULL,
  `tspost` bigint(20) unsigned NOT NULL DEFAULT '0',
  `idcarte` int(11) unsigned NOT NULL DEFAULT '0',
  PRIMARY KEY (`idchat`)
) ENGINE=MyISAM  DEFAULT CHARSET=latin1 AUTO_INCREMENT=42 ;

--
-- Dumping data for table `chat_carte`
--

INSERT INTO `chat_carte` (`idchat`, `idjoueur`, `message`, `tspost`, `idcarte`) VALUES
(1, 1, 'test ligne 1', 1216967208, 0),
(2, 1, 'ligne 2', 1216967408, 0),
(3, 1, 'ligne 3', 1216968808, 0),
(4, 1, 'ligne 4', 1216987408, 0),
(15, 1, 'penser au preg_replace pour les caractres sp?ciaux', 1223044211, 0),
(14, 1, 'yep ?a fonctionne, j\\''ai oubli? le focus', 1223044172, 0),
(13, 1, 'toto2', 1223043897, 0),
(12, 1, 'toto', 1223043731, 0),
(16, 1, '[g]test[/g]', 1223362654, 0),
(17, 1, ' ;-)  h? h?  :-P ', 1223362666, 0),
(18, 1, ' :greuh:  gruntak', 1223362784, 0),
(19, 1, '', 1223450386, 0),
(20, 1, '', 1223451133, 0),
(21, 1, '', 1223452292, 0),
(22, 1, '', 1223452443, 0),
(23, 1, '', 1223452789, 0),
(24, 1, '', 1223453320, 0),
(25, 1, '', 1223453550, 0),
(26, 1, '', 1223453626, 0),
(27, 1, '', 1223453638, 0),
(28, 1, '', 1223456051, 0),
(29, 1, 'erf', 1223476146, 0),
(30, 1, '', 1223476156, 0),
(31, 1, 'test', 1223545573, 0),
(32, 1, 'test avec les objets', 1223560033, 0),
(33, 1, 'test avec les objets', 1223560065, 0),
(34, 1, 'test avec les objets', 1223560963, 0),
(35, 1, 'test AJAX + objets PHP', 1223560963, 0),
(36, 1, 'testounet', 1223560963, 0),
(37, 1, 'totot', 1223561838, 0),
(38, 1, ' :-P ?a marche  :cool:', 1223562158, 0),
(39, 1, 'test minichat en bas', 1226070333, 0),
(40, 1, 'test minichat corps  :greuh:', 1226070346, 0),
(41, 1, 'erfff le css  :greuh: :greuh:', 1226313426, 0);

-- --------------------------------------------------------

--
-- Table structure for table `commentaires`
--

DROP TABLE IF EXISTS `commentaires`;
CREATE TABLE IF NOT EXISTS `commentaires` (
  `id` bigint(20) unsigned NOT NULL AUTO_INCREMENT,
  `idnews` bigint(20) NOT NULL,
  `idauteur` bigint(20) unsigned NOT NULL,
  `contenu` text NOT NULL,
  `publication` datetime NOT NULL,
  `modification` datetime NOT NULL,
  `valide` tinyint(1) NOT NULL DEFAULT '0',
  PRIMARY KEY (`id`),
  KEY `idmembre` (`idauteur`),
  KEY `idnews` (`idnews`)
) ENGINE=InnoDB  DEFAULT CHARSET=latin1 AUTO_INCREMENT=13 ;

--
-- Dumping data for table `commentaires`
--

INSERT INTO `commentaires` (`id`, `idnews`, `idauteur`, `contenu`, `publication`, `modification`, `valide`) VALUES
(10, 4, 1, 'toto toto', '2010-06-11 15:45:40', '2010-06-11 17:17:11', 1),
(11, 4, 1, 'tutu tutu', '2010-06-11 15:45:44', '2010-06-11 15:45:44', 0),
(12, 18, 1, 'commentaire 1 apr?s avoir mis les connexion et le module ind?pendant', '2010-06-24 10:41:12', '2010-06-24 10:41:12', 1);

-- --------------------------------------------------------

--
-- Table structure for table `connectes`
--

DROP TABLE IF EXISTS `connectes`;
CREATE TABLE IF NOT EXISTS `connectes` (
  `id` bigint(20) NOT NULL AUTO_INCREMENT,
  `iduser` bigint(20) NOT NULL,
  `date_connexion` datetime NOT NULL DEFAULT '0000-00-00 00:00:00',
  PRIMARY KEY (`id`),
  UNIQUE KEY `iduser` (`iduser`)
) ENGINE=MyISAM  DEFAULT CHARSET=latin1 AUTO_INCREMENT=115 ;

--
-- Dumping data for table `connectes`
--


-- --------------------------------------------------------

--
-- Table structure for table `decors`
--

DROP TABLE IF EXISTS `decors`;
CREATE TABLE IF NOT EXISTS `decors` (
  `id` bigint(20) unsigned NOT NULL AUTO_INCREMENT,
  `nom` varchar(20) NOT NULL,
  `description` text NOT NULL,
  `chemin` text NOT NULL COMMENT 'chemin vers l''image',
  `iddimension` bigint(20) unsigned NOT NULL,
  `idcamp` bigint(20) unsigned NOT NULL,
  `modificateur_vision` tinyint(1) NOT NULL DEFAULT '0',
  `date_creation` datetime NOT NULL,
  `date_modification` datetime NOT NULL,
  PRIMARY KEY (`id`),
  KEY `idtaille` (`iddimension`,`idcamp`)
) ENGINE=InnoDB  DEFAULT CHARSET=latin1 COMMENT='Tous les dcors du jeu' AUTO_INCREMENT=12 ;

--
-- Dumping data for table `decors`
--

INSERT INTO `decors` (`id`, `nom`, `description`, `chemin`, `iddimension`, `idcamp`, `modificateur_vision`, `date_creation`, `date_modification`) VALUES
(1, 'test 1x1', 'decors test 1x1', 'images/decors/arbre.png', 1, 1, 0, '2011-07-03 10:15:14', '2011-07-03 10:15:14'),
(2, 'unite_2_roues_1x2', 'unite_2_roues_1x2', 'images/decors/unite_2_roues_1x2.png', 2, 1, 0, '2011-07-03 10:15:14', '2011-07-03 10:15:14'),
(3, 'unite_4_roues_2x2', 'unite_4_roues_2x2', 'images/decors/unite_4_roues_2x2.png', 4, 1, 0, '2011-07-03 10:16:18', '2011-07-03 10:16:18'),
(4, 'unite_6_roues_3x2', 'unite_6_roues_3x2', 'images/decors/unite_6_roues_3x2.png', 7, 1, 0, '2011-07-03 10:16:18', '2011-07-03 10:16:18'),
(5, 'unite_2_roues_2x1', 'unite_2_roues_2x1', 'images/decors/unite_2_roues_2x1.png', 2, 1, 0, '2011-07-04 15:05:39', '2011-07-04 15:05:39'),
(6, 'mur_H', 'mur horizontal 1x1', 'images/decors/mur_H.png', 1, 1, -2, '2012-05-29 13:10:50', '2012-05-29 13:10:50'),
(7, 'mur_V', 'mur vertical 1x1', 'images/decors/mur_V.png', 1, 1, 0, '2012-05-29 13:12:32', '2012-05-29 13:12:32'),
(8, 'mur_H_D', 'jonction mur haut vers droite', 'images/decors/mur_H_D.png', 1, 1, 0, '2012-05-29 13:12:32', '2012-05-29 13:12:32'),
(9, 'mur_H_G', 'jonction de mur haut vers gauche 1x1', 'images/decors/mur_H_G.png', 1, 1, 0, '2012-05-29 13:19:52', '2012-05-29 13:19:52'),
(10, 'mur_G_B', 'jonction de mur gauche vers bas 1x1', 'images/decors/mur_G_B.png', 1, 1, 0, '2012-05-29 13:19:52', '2012-05-29 13:19:52'),
(11, 'mur_B_D', 'jonction de mur de bas vers droite', 'images/decors/mur_B_D.png', 1, 1, 0, '2012-05-29 13:20:30', '2012-05-29 13:20:30');

-- --------------------------------------------------------

--
-- Table structure for table `decors_utilises`
--

DROP TABLE IF EXISTS `decors_utilises`;
CREATE TABLE IF NOT EXISTS `decors_utilises` (
  `id` bigint(20) unsigned NOT NULL AUTO_INCREMENT,
  `iddecor` bigint(20) unsigned NOT NULL,
  `idcarte` bigint(20) unsigned NOT NULL,
  `idcase` bigint(20) unsigned NOT NULL,
  `coordonnees` tinyint(2) unsigned NOT NULL DEFAULT '1' COMMENT 'coordonnee X_HAUT_GAUCHE',
  PRIMARY KEY (`id`),
  KEY `iddecors` (`iddecor`,`idcarte`)
) ENGINE=MyISAM  DEFAULT CHARSET=latin1 AUTO_INCREMENT=93 ;

--
-- Dumping data for table `decors_utilises`
--

INSERT INTO `decors_utilises` (`id`, `iddecor`, `idcarte`, `idcase`, `coordonnees`) VALUES
(44, 1, 1, 46, 1),
(18, 1, 1, 0, 1),
(60, 1, 1, 256, 1),
(58, 1, 1, 1161, 1),
(63, 1, 1, 657, 1),
(59, 1, 1, 510, 1),
(61, 3, 1, 406, 1),
(57, 1, 1, 209, 1),
(75, 6, 1, 705, 1),
(76, 6, 1, 755, 1),
(77, 9, 1, 805, 1),
(90, 3, 1, 758, 1),
(80, 10, 1, 803, 1),
(81, 6, 1, 753, 1),
(82, 6, 1, 703, 1),
(83, 6, 1, 653, 1),
(84, 11, 1, 603, 1),
(85, 7, 1, 604, 1),
(86, 8, 1, 605, 1),
(87, 6, 1, 655, 1),
(89, 7, 1, 804, 1),
(91, 2, 1, 409, 1),
(92, 4, 1, 612, 1);

-- --------------------------------------------------------

--
-- Table structure for table `design`
--

DROP TABLE IF EXISTS `design`;
CREATE TABLE IF NOT EXISTS `design` (
  `id` bigint(20) NOT NULL AUTO_INCREMENT,
  `nom` varchar(50) NOT NULL,
  `description` text NOT NULL,
  `chemin` varchar(250) NOT NULL,
  PRIMARY KEY (`id`)
) ENGINE=MyISAM  DEFAULT CHARSET=latin1 AUTO_INCREMENT=100 ;

--
-- Dumping data for table `design`
--

INSERT INTO `design` (`id`, `nom`, `description`, `chemin`) VALUES
(1, 'Ultra Marines', 'Bah tout bleu, pour le moment...', ''),
(2, 'Imperial Fists', 'Bah tout jaune, pour le moment...', ''),
(3, 'Anges Sanguinaires', 'Bah tout rouge, pour le moment...', ''),
(99, 'Aucun', '', '');

-- --------------------------------------------------------

--
-- Table structure for table `dimensions`
--

DROP TABLE IF EXISTS `dimensions`;
CREATE TABLE IF NOT EXISTS `dimensions` (
  `id` bigint(20) unsigned NOT NULL AUTO_INCREMENT,
  `nom` varchar(20) NOT NULL DEFAULT 'nom manquant',
  `largeur` tinyint(2) unsigned NOT NULL DEFAULT '1' COMMENT 'largeur en nombre de cases',
  `longueur` tinyint(2) unsigned NOT NULL DEFAULT '1' COMMENT 'longueur en nombre de cases',
  `surface` tinyint(4) unsigned NOT NULL DEFAULT '1' COMMENT 'surface en nombre de cases',
  PRIMARY KEY (`id`)
) ENGINE=InnoDB  DEFAULT CHARSET=latin1 AUTO_INCREMENT=22 ;

--
-- Dumping data for table `dimensions`
--

INSERT INTO `dimensions` (`id`, `nom`, `largeur`, `longueur`, `surface`) VALUES
(1, 'petit', 1, 1, 1),
(2, 'petit 1x2', 1, 2, 2),
(3, 'petit 2x1', 2, 1, 2),
(4, 'moyen', 2, 2, 4),
(6, 'moyen 2x3', 2, 3, 6),
(7, 'moyen 3x2', 3, 2, 6),
(8, 'grand', 3, 3, 9),
(9, 'grand 3x5', 3, 5, 15),
(10, 'grand 5x3', 5, 3, 15),
(11, 'tres grand', 6, 6, 36),
(12, 'tres grand 6x10', 6, 10, 60),
(13, 'tres grand 10x6', 10, 6, 60),
(14, 'enorme', 8, 8, 64),
(15, 'enorme 8x12', 8, 12, 96),
(16, 'enorme 12x8', 12, 8, 96),
(17, 'gigantesque', 12, 12, 144),
(18, 'gigantesque 12x18', 12, 18, 216),
(19, 'gigantesque 18x12', 18, 12, 216),
(20, 'petit 3x1', 3, 1, 3),
(21, 'petit 1x3', 1, 3, 3);

-- --------------------------------------------------------

--
-- Table structure for table `dimensions_cartes`
--

DROP TABLE IF EXISTS `dimensions_cartes`;
CREATE TABLE IF NOT EXISTS `dimensions_cartes` (
  `id` bigint(20) unsigned NOT NULL AUTO_INCREMENT,
  `nom` varchar(50) NOT NULL,
  `nb_cases_en_x` bigint(20) unsigned NOT NULL,
  `nb_cases_en_y` bigint(20) unsigned NOT NULL,
  `surface` bigint(20) NOT NULL DEFAULT '0',
  PRIMARY KEY (`id`)
) ENGINE=InnoDB  DEFAULT CHARSET=latin1 AUTO_INCREMENT=7 ;

--
-- Dumping data for table `dimensions_cartes`
--

INSERT INTO `dimensions_cartes` (`id`, `nom`, `nb_cases_en_x`, `nb_cases_en_y`, `surface`) VALUES
(1, 'tres petite', 50, 50, 2500),
(2, 'petite', 100, 50, 5000),
(3, 'moyenne', 150, 100, 15000),
(4, 'grande', 200, 150, 30000),
(5, 'tres grande', 400, 250, 100000),
(6, 'enorme', 500, 500, 250000);

-- --------------------------------------------------------

--
-- Table structure for table `droits`
--

DROP TABLE IF EXISTS `droits`;
CREATE TABLE IF NOT EXISTS `droits` (
  `id` bigint(20) unsigned NOT NULL AUTO_INCREMENT,
  `droit` varchar(20) NOT NULL DEFAULT '',
  `valeur` smallint(4) unsigned NOT NULL DEFAULT '0',
  PRIMARY KEY (`id`),
  UNIQUE KEY `droit` (`droit`)
) ENGINE=InnoDB  DEFAULT CHARSET=latin1 AUTO_INCREMENT=7 ;

--
-- Dumping data for table `droits`
--

INSERT INTO `droits` (`id`, `droit`, `valeur`) VALUES
(1, 'Membre', 1),
(2, 'Op?rateur', 222),
(3, 'Ma?tre de Jeu', 10),
(4, 'Mod?rateur', 333),
(5, 'Administrateur', 555),
(6, 'D?veloppeur', 666);

-- --------------------------------------------------------

--
-- Table structure for table `droit_membre`
--

DROP TABLE IF EXISTS `droit_membre`;
CREATE TABLE IF NOT EXISTS `droit_membre` (
  `iddroit` bigint(20) unsigned NOT NULL DEFAULT '0',
  `idjoueur` bigint(20) unsigned NOT NULL DEFAULT '0',
  KEY `iddroit_index` (`iddroit`),
  KEY `idjoueur_index` (`idjoueur`)
) ENGINE=InnoDB DEFAULT CHARSET=latin1;

--
-- Dumping data for table `droit_membre`
--

INSERT INTO `droit_membre` (`iddroit`, `idjoueur`) VALUES
(1, 1),
(1, 2);

-- --------------------------------------------------------

--
-- Table structure for table `equipement`
--

DROP TABLE IF EXISTS `equipement`;
CREATE TABLE IF NOT EXISTS `equipement` (
  `id` bigint(20) NOT NULL AUTO_INCREMENT,
  `nom` varchar(50) NOT NULL,
  `description` text NOT NULL,
  `idcategorie` bigint(20) NOT NULL DEFAULT '1',
  `cp` varchar(10) NOT NULL DEFAULT '-',
  `lp` varchar(10) NOT NULL DEFAULT '-',
  `mtcp` varchar(5) NOT NULL DEFAULT '-' COMMENT 'Modificateur toucher courte portee',
  `mtlp` varchar(5) NOT NULL DEFAULT '-' COMMENT 'Modificateur toucher longue portee',
  `dommage` varchar(5) NOT NULL DEFAULT '-' COMMENT 'Dommage infliges',
  `msvg` varchar(5) NOT NULL DEFAULT '-' COMMENT 'modificateur sauvegarde adverse',
  `gab` bigint(20) unsigned NOT NULL COMMENT 'id du gabarit a utiliser',
  `ty` bigint(20) unsigned NOT NULL COMMENT 'id du type',
  `fo` tinyint(5) unsigned NOT NULL DEFAULT '0' COMMENT 'force arme equipe',
  `sauvegarde` tinyint(5) NOT NULL DEFAULT '0' COMMENT 'sauvegarde confere par armure',
  `mmvt` varchar(5) NOT NULL DEFAULT '-' COMMENT 'modificateur de mouvement armure',
  `encombrement` smallint(2) unsigned NOT NULL DEFAULT '2' COMMENT 'encombrement pour inventaire',
  `deux_mains` tinyint(1) unsigned NOT NULL DEFAULT '0' COMMENT 'arme a deux main == 1, sinon 0',
  `cout` int(5) unsigned NOT NULL DEFAULT '10',
  `date_creation` datetime NOT NULL DEFAULT '2010-09-01 00:00:00',
  `chemin` text NOT NULL COMMENT 'chemin vers l''image',
  PRIMARY KEY (`id`),
  UNIQUE KEY `nom` (`nom`)
) ENGINE=InnoDB  DEFAULT CHARSET=latin1 AUTO_INCREMENT=16 ;

--
-- Dumping data for table `equipement`
--

INSERT INTO `equipement` (`id`, `nom`, `description`, `idcategorie`, `cp`, `lp`, `mtcp`, `mtlp`, `dommage`, `msvg`, `gab`, `ty`, `fo`, `sauvegarde`, `mmvt`, `encombrement`, `deux_mains`, `cout`, `date_creation`, `chemin`) VALUES
(1, 'Poing', 'le poing de la figurine', 1, '1-1', '-', '-', '-', '1', '-', 0, 0, 1, 0, '-', 0, 0, 0, '2010-09-01 00:00:00', 'images/equipements/aucune.gif'),
(2, 'Armure base', 'Armure de base de la figurine', 5, '-', '-', '-', '-', '-', '-', 0, 2, 0, 7, '-', 4, 0, 0, '2010-09-01 12:00:00', 'images/equipements/aucune.gif'),
(3, 'bolter', '', 1, '0-12', '12-24', '+1', '-', '1', '-1', 1, 1, 4, 0, '-', 1, 0, 5, '2010-09-01 00:00:00', 'images/equipements/aucune.gif'),
(4, 'Fusil Mitrailleur', '', 1, '0-12', '12-32', '+1', '-', '1', '-1', 1, 1, 3, 0, '-', 2, 1, 9, '2010-09-01 00:00:00', 'images/equipements/aucune.gif'),
(5, 'Arc', '', 1, '0-12', '12-24', '-', '-1', '1', '-', 1, 1, 3, 0, '-', 2, 1, 7, '2010-09-01 00:00:00', 'images/equipements/aucune.gif'),
(6, 'Arbal&egrave;te', '', 1, '0-16', '16-32', '-', '-1', '1', '-', 1, 1, 4, 0, '-', 2, 1, 8, '2010-09-01 00:00:00', 'images/equipements/aucune.gif'),
(7, 'Lance-Flammes', '', 1, '0-6', '6-12', '+2', '-1', '1', '-', 1, 1, 4, 0, '-', 3, 1, 15, '2010-09-01 00:00:00', 'images/equipements/aucune.gif'),
(8, 'Graviton', '', 1, '0-8', '8-16', '+1', '-', '-', '-', 1, 1, 100, 0, '-', 3, 1, 22, '2010-09-01 00:00:00', 'images/equipements/aucune.gif'),
(9, 'Arbal&egrave;te de poing', '', 1, '0-8', '8-16', '-', '-1', '1', '-', 1, 1, 4, 0, '-', 1, 0, 6, '2010-09-01 00:00:00', 'images/equipements/aucune.gif'),
(10, 'Fusil laser', '', 1, '0-12', '12-24', '+1', '-', '1', '-1', 1, 1, 3, 0, '-', 2, 1, 16, '2010-09-01 00:00:00', 'images/equipements/aucune.gif'),
(11, 'Fuseur', '', 1, '0-6', '6-12', '+1', '-', 'd6', '-4', 1, 1, 8, 0, '-', 3, 1, 30, '2010-09-01 00:00:00', 'images/equipements/aucune.gif'),
(12, 'Armure Energ&eacute;tique', 'Armure Energ&eacute;tique', 6, '-', '-', '-', '-', '-', '-', 1, 2, 0, 3, '-', 6, 0, 20, '2010-09-01 00:00:00', 'images/equipements/aucune.gif'),
(13, 'Gilet Pare-balles', 'Gilet Pare-balles', 5, '-', '-', '-', '-', '-', '-', 0, 2, 0, 6, '-', 4, 0, 10, '2010-09-01 00:00:00', 'images/equipements/aucune.gif'),
(14, 'Armure composite', 'Armure composite', 6, '-', '-', '-', '-', '-', '-', 0, 2, 0, 5, '-', 4, 0, 12, '2010-09-01 00:00:00', 'images/equipements/aucune.gif'),
(15, 'Baillonnette', 'Une &eacute;p&eacute;e courte', 3, '0-1', '-', '-', '-', '1', '-', 0, 1, 0, 0, '-', 2, 0, 10, '2012-01-11 00:00:00', 'images/equipements/aucune.gif');

-- --------------------------------------------------------

--
-- Table structure for table `equipements_joueur`
--

DROP TABLE IF EXISTS `equipements_joueur`;
CREATE TABLE IF NOT EXISTS `equipements_joueur` (
  `id` bigint(20) NOT NULL AUTO_INCREMENT,
  `idjoueur` bigint(20) unsigned NOT NULL DEFAULT '0',
  `idunitejoueur` bigint(20) unsigned NOT NULL DEFAULT '0',
  `nom` varchar(50) NOT NULL,
  `description` text NOT NULL,
  `idcategorie` bigint(20) NOT NULL DEFAULT '1',
  `cp` varchar(10) NOT NULL DEFAULT '-',
  `lp` varchar(10) NOT NULL DEFAULT '-',
  `mtcp` varchar(5) NOT NULL DEFAULT '-' COMMENT 'Modificateur toucher courte portee',
  `mtlp` varchar(5) NOT NULL DEFAULT '-' COMMENT 'Modificateur toucher longue portee',
  `dommage` varchar(5) NOT NULL DEFAULT '-' COMMENT 'Dommage infliges',
  `msvg` varchar(5) NOT NULL DEFAULT '-' COMMENT 'modificateur sauvegarde adverse',
  `gab` bigint(20) unsigned NOT NULL COMMENT 'id du gabarit a utiliser',
  `ty` bigint(20) unsigned NOT NULL COMMENT 'id du type',
  `fo` tinyint(5) unsigned NOT NULL DEFAULT '0' COMMENT 'force arme equipe',
  `sauvegarde` tinyint(5) NOT NULL DEFAULT '0' COMMENT 'sauvegarde confere par armure',
  `mmvt` varchar(5) NOT NULL DEFAULT '-' COMMENT 'modificateur de mouvement armure',
  `encombrement` smallint(2) unsigned NOT NULL DEFAULT '2' COMMENT 'encombrement pour inventaire',
  `deux_mains` tinyint(1) unsigned NOT NULL DEFAULT '0' COMMENT 'arme a deux mais si 1, sinon une main',
  `cout` int(5) unsigned NOT NULL DEFAULT '10',
  `date_creation` datetime NOT NULL DEFAULT '0000-00-00 00:00:00',
  `used` enum('0','1') NOT NULL DEFAULT '0' COMMENT 'untilis? ou non',
  `chemin` text NOT NULL COMMENT 'chemin vers l''image',
  PRIMARY KEY (`id`),
  KEY `nom` (`nom`)
) ENGINE=InnoDB  DEFAULT CHARSET=latin1 AUTO_INCREMENT=313 ;

--
-- Dumping data for table `equipements_joueur`
--

INSERT INTO `equipements_joueur` (`id`, `idjoueur`, `idunitejoueur`, `nom`, `description`, `idcategorie`, `cp`, `lp`, `mtcp`, `mtlp`, `dommage`, `msvg`, `gab`, `ty`, `fo`, `sauvegarde`, `mmvt`, `encombrement`, `deux_mains`, `cout`, `date_creation`, `used`, `chemin`) VALUES
(45, 28, 33, 'Armure Energ&eacute;tique', 'Armure Energ&eacute;tique', 6, '-', '-', '-', '-', '-', '-', 1, 2, 0, 3, '-', 6, 0, 20, '2010-09-03 14:32:48', '1', 'images/equipements/aucune.gif'),
(46, 28, 33, 'Fusil Mitrailleur', '', 1, '0-12', '12-32', '+1', '-', '1', '-1', 1, 1, 3, 0, '-', 2, 1, 9, '2010-09-03 14:32:48', '1', 'images/equipements/aucune.gif'),
(47, 28, 34, 'Armure Energ&eacute;tique', 'Armure Energ&eacute;tique', 6, '-', '-', '-', '-', '-', '-', 1, 2, 0, 3, '-', 6, 0, 20, '2010-09-03 14:33:25', '1', 'images/equipements/aucune.gif'),
(48, 28, 34, 'Fusil Mitrailleur', '', 1, '0-12', '12-32', '+1', '-', '1', '-1', 1, 1, 3, 0, '-', 2, 1, 9, '2010-09-03 14:33:25', '1', 'images/equipements/aucune.gif'),
(49, 28, 35, 'Armure Energ&eacute;tique', 'Armure Energ&eacute;tique', 6, '-', '-', '-', '-', '-', '-', 1, 2, 0, 3, '-', 6, 0, 20, '2010-09-03 14:34:02', '1', 'images/equipements/aucune.gif'),
(50, 28, 0, 'bolter', '', 1, '0-12', '12-24', '+1', '-', '1', '-1', 1, 1, 4, 0, '-', 1, 0, 5, '2010-09-03 14:34:02', '1', 'images/equipements/aucune.gif'),
(51, 28, 0, 'Armure composite', 'Armure composite', 6, '-', '-', '-', '-', '-', '-', 0, 2, 0, 5, '-', 4, 0, 12, '2010-09-03 14:36:02', '1', 'images/equipements/aucune.gif'),
(52, 28, 35, 'Poing', 'le poing de la figurine', 1, '1-1', '-', '-', '-', '1', '-', 0, 0, 1, 0, '-', 0, 0, 0, '2010-09-03 14:36:02', '1', 'images/equipements/aucune.gif'),
(53, 28, 0, 'bolter', '', 1, '0-12', '12-24', '+1', '-', '1', '-1', 1, 1, 4, 0, '-', 1, 0, 5, '2010-09-03 14:36:02', '1', 'images/equipements/aucune.gif'),
(54, 28, 37, 'Armure composite', 'Armure composite', 6, '-', '-', '-', '-', '-', '-', 0, 2, 0, 5, '-', 4, 0, 12, '2010-09-03 14:38:47', '1', 'images/equipements/aucune.gif'),
(55, 28, 0, 'Poing', 'le poing de la figurine', 1, '1-1', '-', '-', '-', '1', '-', 0, 0, 1, 0, '-', 0, 0, 0, '2010-09-03 14:38:47', '1', 'images/equipements/aucune.gif'),
(56, 28, 0, 'bolter', '', 1, '0-12', '12-24', '+1', '-', '1', '-1', 1, 1, 4, 0, '-', 1, 0, 5, '2010-09-03 14:38:47', '1', 'images/equipements/aucune.gif'),
(57, 28, 0, 'Fuseur', '', 1, '0-6', '6-12', '+1', '-', 'd6', '-4', 1, 1, 8, 0, '-', 3, 1, 30, '2010-09-08 10:12:17', '0', 'images/equipements/aucune.gif'),
(58, 28, 0, 'Arbal?te', '', 1, '0-16', '16-32', '-', '-1', '1', '-', 1, 1, 4, 0, '-', 2, 1, 8, '2010-09-10 16:41:15', '0', 'images/equipements/aucune.gif'),
(59, 28, 0, 'Graviton', '', 1, '0-8', '8-16', '+1', '-', '-', '-', 1, 1, 100, 0, '-', 3, 1, 22, '2010-09-10 16:41:24', '0', 'images/equipements/aucune.gif'),
(60, 28, 37, 'Lance-Flammes', '', 1, '0-6', '6-12', '+2', '-1', '1', '-', 1, 1, 4, 0, '-', 3, 1, 15, '2010-09-13 13:26:56', '0', 'images/equipements/aucune.gif'),
(61, 28, 0, 'Lance-Flammes', '', 1, '0-6', '6-12', '+2', '-1', '1', '-', 1, 1, 4, 0, '-', 3, 1, 15, '2010-09-13 13:27:08', '0', 'images/equipements/aucune.gif'),
(62, 28, 0, 'Fusil laser', '', 1, '0-12', '12-24', '+1', '-', '1', '-1', 1, 1, 3, 0, '-', 2, 1, 16, '2010-09-13 13:27:44', '0', 'images/equipements/aucune.gif'),
(309, 28, 155, 'Poing', 'le poing de la figurine', 1, '1-1', '-', '-', '-', '1', '-', 0, 0, 1, 0, '-', 0, 0, 0, '2010-11-04 15:28:51', '0', 'images/equipements/aucune.gif'),
(310, 28, 155, 'Poing', 'le poing de la figurine', 1, '1-1', '-', '-', '-', '1', '-', 0, 0, 1, 0, '-', 0, 0, 0, '2010-11-04 15:28:51', '0', 'images/equipements/aucune.gif'),
(311, 28, 155, 'Armure base', 'Armure de base de la figurine', 5, '-', '-', '-', '-', '-', '-', 0, 2, 0, 7, '-', 4, 0, 0, '2010-11-04 15:28:51', '0', 'images/equipements/aucune.gif'),
(312, 28, 35, 'Baillonnette', 'Une &eacute;p&eacute;e courte', 3, '1-1', '-', '-', '-', '1', '-', 0, 1, 0, 0, '-', 2, 0, 10, '2012-01-11 00:00:00', '0', 'images/equipements/aucune.gif');

-- --------------------------------------------------------

--
-- Table structure for table `fantassins`
--

DROP TABLE IF EXISTS `fantassins`;
CREATE TABLE IF NOT EXISTS `fantassins` (
  `fantassinId` bigint(20) unsigned NOT NULL AUTO_INCREMENT,
  `fantassinNom` varchar(50) NOT NULL DEFAULT 'ManqueNomFantassin',
  `fantassinDesc` text NOT NULL,
  `fantassinType` enum('combatant','civil','chercheur') DEFAULT NULL,
  `fantassinVie` smallint(5) NOT NULL DEFAULT '0',
  `fantassinAttaque` smallint(5) NOT NULL DEFAULT '0',
  `fantassinDefense` smallint(5) NOT NULL DEFAULT '0',
  `fantassinMouvement` bigint(20) NOT NULL DEFAULT '0',
  PRIMARY KEY (`fantassinId`)
) ENGINE=MyISAM DEFAULT CHARSET=latin1 AUTO_INCREMENT=1 ;

--
-- Dumping data for table `fantassins`
--


-- --------------------------------------------------------

--
-- Table structure for table `fifo`
--

DROP TABLE IF EXISTS `fifo`;
CREATE TABLE IF NOT EXISTS `fifo` (
  `id` int(11) unsigned NOT NULL AUTO_INCREMENT,
  `idmembre` int(11) unsigned NOT NULL DEFAULT '0',
  `dateheure` datetime NOT NULL DEFAULT '0000-00-00 00:00:00',
  `nombre` int(10) unsigned NOT NULL DEFAULT '0',
  `idunite` int(11) unsigned NOT NULL DEFAULT '0',
  `idbatiment` int(11) unsigned NOT NULL DEFAULT '0',
  PRIMARY KEY (`id`)
) ENGINE=MyISAM  DEFAULT CHARSET=latin1 AUTO_INCREMENT=6 ;

--
-- Dumping data for table `fifo`
--

INSERT INTO `fifo` (`id`, `idmembre`, `dateheure`, `nombre`, `idunite`, `idbatiment`) VALUES
(3, 1, '2010-11-24 00:00:00', 2, 4, 2),
(4, 3, '2010-11-23 00:00:00', 1, 4, 5),
(5, 1, '2010-11-30 00:00:00', 40, 2, 0);

-- --------------------------------------------------------

--
-- Table structure for table `gabarits`
--

DROP TABLE IF EXISTS `gabarits`;
CREATE TABLE IF NOT EXISTS `gabarits` (
  `id` bigint(20) NOT NULL AUTO_INCREMENT,
  `nom` varchar(50) NOT NULL,
  `x_depart` int(10) unsigned NOT NULL,
  `y_depart` int(10) unsigned NOT NULL,
  `x_arrivee` int(10) unsigned NOT NULL,
  `y_arrivee` int(10) unsigned NOT NULL,
  `taille` tinyint(2) unsigned NOT NULL,
  PRIMARY KEY (`id`)
) ENGINE=InnoDB  DEFAULT CHARSET=latin1 AUTO_INCREMENT=2 ;

--
-- Dumping data for table `gabarits`
--

INSERT INTO `gabarits` (`id`, `nom`, `x_depart`, `y_depart`, `x_arrivee`, `y_arrivee`, `taille`) VALUES
(1, 'Lance-Flammes', 0, 0, 5, 0, 3);

-- --------------------------------------------------------

--
-- Table structure for table `groupes`
--

DROP TABLE IF EXISTS `groupes`;
CREATE TABLE IF NOT EXISTS `groupes` (
  `id` int(11) unsigned NOT NULL AUTO_INCREMENT,
  `nom` varchar(20) NOT NULL,
  `valeur` smallint(4) unsigned NOT NULL DEFAULT '0',
  PRIMARY KEY (`id`),
  UNIQUE KEY `droit` (`nom`)
) ENGINE=InnoDB  DEFAULT CHARSET=latin1 AUTO_INCREMENT=7 ;

--
-- Dumping data for table `groupes`
--

INSERT INTO `groupes` (`id`, `nom`, `valeur`) VALUES
(1, 'Membre', 1),
(2, 'Op?rateur', 222),
(3, 'Ma?tre de Jeu', 10),
(4, 'Mod?rateur', 333),
(5, 'Administrateur', 555),
(6, 'D?veloppeur', 666);

-- --------------------------------------------------------

--
-- Table structure for table `heros`
--

DROP TABLE IF EXISTS `heros`;
CREATE TABLE IF NOT EXISTS `heros` (
  `id` int(11) unsigned NOT NULL AUTO_INCREMENT,
  `idmembre` int(11) unsigned NOT NULL DEFAULT '0',
  `nom` varchar(50) NOT NULL DEFAULT '''''',
  `description` text NOT NULL,
  `experience` smallint(5) unsigned NOT NULL DEFAULT '0',
  `idcamp` bigint(20) unsigned NOT NULL DEFAULT '0' COMMENT 'le camp du hero',
  `idunitejoueur` bigint(20) unsigned NOT NULL,
  PRIMARY KEY (`id`),
  UNIQUE KEY `nom` (`nom`)
) ENGINE=MyISAM  DEFAULT CHARSET=latin1 AUTO_INCREMENT=101 ;

--
-- Dumping data for table `heros`
--

INSERT INTO `heros` (`id`, `idmembre`, `nom`, `description`, `experience`, `idcamp`, `idunitejoueur`) VALUES
(60, 5, 'tata', 'description du h?ros tata de toto', 0, 0, 0),
(58, 1, 'toto', 'test', 0, 0, 0),
(59, 1, 'titi', 'test', 0, 0, 0),
(61, 12, 'h de w', 'd', 0, 0, 0),
(66, 12, 'h de j', 'f', 250, 1, 1),
(70, 46, 'TOTOTO', 'to', 0, 1, 5),
(100, 28, 'h?ros Ork', 'Un Ork pour les test', 0, 3, 155);

-- --------------------------------------------------------

--
-- Table structure for table `inventaire`
--

DROP TABLE IF EXISTS `inventaire`;
CREATE TABLE IF NOT EXISTS `inventaire` (
  `id` bigint(20) unsigned NOT NULL AUTO_INCREMENT,
  `idhero` bigint(20) unsigned NOT NULL DEFAULT '0',
  `idequipement` bigint(20) unsigned NOT NULL DEFAULT '0',
  PRIMARY KEY (`id`)
) ENGINE=InnoDB DEFAULT CHARSET=latin1 AUTO_INCREMENT=1 ;

--
-- Dumping data for table `inventaire`
--


-- --------------------------------------------------------

--
-- Table structure for table `joueurs`
--

DROP TABLE IF EXISTS `joueurs`;
CREATE TABLE IF NOT EXISTS `joueurs` (
  `joueurId` bigint(20) unsigned NOT NULL AUTO_INCREMENT,
  `joueurPseudo` varchar(32) NOT NULL DEFAULT 'ManquePseudo',
  `joueurPwd` text NOT NULL,
  `joueurMail` text NOT NULL,
  `privilegeId` smallint(3) DEFAULT NULL,
  `joueurXPos` bigint(20) NOT NULL DEFAULT '0',
  `joueurYPos` bigint(20) NOT NULL DEFAULT '0',
  `idAlliance` bigint(20) NOT NULL DEFAULT '0',
  `joueurDateInscription` bigint(20) unsigned NOT NULL DEFAULT '0',
  `joueurDateDerniereConnexion` bigint(20) unsigned NOT NULL DEFAULT '0',
  `ressource1` decimal(10,4) NOT NULL DEFAULT '100.0000',
  `production1` tinyint(5) unsigned NOT NULL DEFAULT '20',
  `ressource2` decimal(10,4) NOT NULL DEFAULT '50.0000',
  `production2` tinyint(5) unsigned NOT NULL DEFAULT '15',
  `ressource3` decimal(10,4) NOT NULL DEFAULT '25.0000',
  `production3` tinyint(5) unsigned NOT NULL DEFAULT '5',
  `ressource1base` tinyint(3) unsigned NOT NULL DEFAULT '100',
  `ressource2base` tinyint(2) unsigned NOT NULL DEFAULT '50',
  `ressource3base` tinyint(2) unsigned NOT NULL DEFAULT '25',
  `test` int(2) unsigned NOT NULL DEFAULT '0',
  PRIMARY KEY (`joueurId`),
  KEY `index_pseudo` (`joueurPseudo`)
) ENGINE=MyISAM  DEFAULT CHARSET=latin1 AUTO_INCREMENT=6 ;

--
-- Dumping data for table `joueurs`
--

INSERT INTO `joueurs` (`joueurId`, `joueurPseudo`, `joueurPwd`, `joueurMail`, `privilegeId`, `joueurXPos`, `joueurYPos`, `idAlliance`, `joueurDateInscription`, `joueurDateDerniereConnexion`, `ressource1`, `production1`, `ressource2`, `production2`, `ressource3`, `production3`, `ressource1base`, `ressource2base`, `ressource3base`, `test`) VALUES
(5, 'testeur', '126652ca413fd3ac', '', NULL, 0, 0, 0, 0, 1203691690, '706.9425', 20, '54.3028', 15, '27.1514', 5, 100, 50, 25, 0);

-- --------------------------------------------------------

--
-- Table structure for table `membres`
--

DROP TABLE IF EXISTS `membres`;
CREATE TABLE IF NOT EXISTS `membres` (
  `id` int(11) unsigned NOT NULL AUTO_INCREMENT,
  `pseudo` varchar(50) NOT NULL DEFAULT '''''',
  `password` varchar(40) NOT NULL DEFAULT '',
  `mail` varchar(50) NOT NULL DEFAULT '',
  `date_inscription` datetime NOT NULL DEFAULT '0000-00-00 00:00:00',
  `staff` enum('0','1') NOT NULL DEFAULT '0',
  `idgroupe` int(11) unsigned NOT NULL DEFAULT '1',
  `experience` int(10) unsigned NOT NULL DEFAULT '0',
  `description` text,
  `cle_activation` varchar(40) NOT NULL DEFAULT '',
  `avatar` varchar(50) DEFAULT NULL,
  `iddesign` bigint(20) NOT NULL DEFAULT '1',
  `points` int(5) unsigned NOT NULL DEFAULT '100' COMMENT 'cumul des point pour achat unites ou heros',
  PRIMARY KEY (`id`),
  UNIQUE KEY `mail` (`mail`),
  UNIQUE KEY `pseudo` (`pseudo`)
) ENGINE=MyISAM  DEFAULT CHARSET=latin1 AUTO_INCREMENT=47 ;

--
-- Dumping data for table `membres`
--

INSERT INTO `membres` (`id`, `pseudo`, `password`, `mail`, `date_inscription`, `staff`, `idgroupe`, `experience`, `description`, `cle_activation`, `avatar`, `iddesign`, `points`) VALUES
(1, 'superToto2', '391f6f5237f48d2875616249e138912a55929658', 'toto@toto.to', '2010-05-31 12:14:14', '0', 6, 0, 'desc toto', '', '', 2, 100),
(5, 'toto', '0b9c2625dc21ef05f6ad4ddf47c5f203837aa32c', 'tutu@tot.to', '2010-03-15 16:29:23', '0', 1, 0, 'description deuxi?me toto', '', '/images/toto', 1, 100),
(12, 'worf fils de moog', '21cec1d9cefb1ad5d9a1030556fb4ee68182c114', 'christouph@hotmail.com', '2010-03-18 15:03:46', '0', 1, 0, 'c', '', '', 1, 100),
(17, 'jecht', '877ccf0679281c37c4f3040727d997d3dac161e9', 'jecht@jecht.be', '2010-03-19 11:37:05', '0', 1, 0, 's', '7e12ab2c782c4aecef64ca1e626236447ed3be59', '', 1, 100),
(18, 'tutu', '', '', '0000-00-00 00:00:00', '0', 1, 0, NULL, '', NULL, 1, 100),
(28, 'la goulette', 'b2c5dd95f8e38896979ef8d89843a4bfe5a65eb4', 'lagoulette@moi.fr', '2010-08-12 16:01:21', '0', 1, 0, '						maintenant j''ai modifi? le compte TEST	toto					', '62cd2f0420429903c817118b6e4e7cf0b28dc31f', NULL, 99, 822),
(46, 'tototo', '45da5a355e9e9a1db72930d7934e8bdfee5ea40e', 'tototo@to.to', '2010-08-19 15:35:11', '0', 1, 0, '', '3becaab484a6d80014ab38eaf9fd80e15657849a', NULL, 1, 100);

-- --------------------------------------------------------

--
-- Table structure for table `news`
--

DROP TABLE IF EXISTS `news`;
CREATE TABLE IF NOT EXISTS `news` (
  `id` bigint(20) NOT NULL AUTO_INCREMENT,
  `idauteur` bigint(20) unsigned NOT NULL,
  `titre` varchar(50) NOT NULL,
  `contenu` text NOT NULL,
  `publication` datetime NOT NULL,
  `modification` datetime NOT NULL,
  `valide` tinyint(1) NOT NULL DEFAULT '0',
  PRIMARY KEY (`id`)
) ENGINE=InnoDB  DEFAULT CHARSET=latin1 AUTO_INCREMENT=21 ;

--
-- Dumping data for table `news`
--

INSERT INTO `news` (`id`, `idauteur`, `titre`, `contenu`, `publication`, `modification`, `valide`) VALUES
(4, 1, 'coucou', 'Votre news ici...coucou coucou', '2010-05-20 13:56:42', '2010-06-11 16:31:02', 1),
(6, 1, 'coucou', 'Votre news ici...', '2010-05-20 13:57:27', '2010-06-11 16:32:56', 1),
(7, 1, 'coucou', 'Votre news ici...coucou', '2010-05-20 13:58:06', '2010-05-20 13:58:06', 0),
(8, 1, 'coucou', 'Votre news ici...coucou', '2010-05-20 14:30:09', '2010-05-20 14:30:09', 1),
(18, 1, '[titre]', 'a partir de l?, c''est bon LOOL\r\nmodif apr?s avoir mis le module ind?pendant + connexion modif apres modif code pour voir.', '2010-06-01 15:21:01', '2010-11-17 15:11:04', 1),
(19, 1, 'test X', 'a partir de l?, c''est bon', '2010-06-01 15:43:51', '2010-06-01 15:43:51', 0),
(20, 1, 'la news', 'la news', '2010-06-22 14:29:16', '2010-06-23 16:32:04', 1);

-- --------------------------------------------------------

--
-- Table structure for table `permissions`
--

DROP TABLE IF EXISTS `permissions`;
CREATE TABLE IF NOT EXISTS `permissions` (
  `id` bigint(20) unsigned NOT NULL AUTO_INCREMENT,
  `idprivilege` bigint(20) unsigned NOT NULL DEFAULT '1',
  `idgroupe` bigint(20) unsigned NOT NULL DEFAULT '1',
  PRIMARY KEY (`id`)
) ENGINE=InnoDB  DEFAULT CHARSET=latin1 AUTO_INCREMENT=8 ;

--
-- Dumping data for table `permissions`
--

INSERT INTO `permissions` (`id`, `idprivilege`, `idgroupe`) VALUES
(1, 3, 6),
(4, 5, 2),
(5, 1, 1),
(6, 1, 2),
(7, 1, 6);

-- --------------------------------------------------------

--
-- Table structure for table `privileges`
--

DROP TABLE IF EXISTS `privileges`;
CREATE TABLE IF NOT EXISTS `privileges` (
  `id` bigint(20) NOT NULL AUTO_INCREMENT,
  `nom` varchar(50) NOT NULL,
  `description` text NOT NULL,
  PRIMARY KEY (`id`)
) ENGINE=InnoDB  DEFAULT CHARSET=latin1 AUTO_INCREMENT=6 ;

--
-- Dumping data for table `privileges`
--

INSERT INTO `privileges` (`id`, `nom`, `description`) VALUES
(1, 'lire news', 'Lire les news du site'),
(3, 'debugage', 'Capacit? ? voir les debug et un texte plus long pour voir si ?a d?passe.'),
(5, 'ecrire news', 'Permet d''?crire et de modifier une news');

-- --------------------------------------------------------

--
-- Table structure for table `privilege_groupe`
--

DROP TABLE IF EXISTS `privilege_groupe`;
CREATE TABLE IF NOT EXISTS `privilege_groupe` (
  `idprivilege` bigint(20) unsigned NOT NULL DEFAULT '1',
  `idgroupe` bigint(20) unsigned NOT NULL DEFAULT '1',
  PRIMARY KEY (`idprivilege`,`idgroupe`)
) ENGINE=InnoDB DEFAULT CHARSET=latin1;

--
-- Dumping data for table `privilege_groupe`
--


-- --------------------------------------------------------

--
-- Table structure for table `sols`
--

DROP TABLE IF EXISTS `sols`;
CREATE TABLE IF NOT EXISTS `sols` (
  `id` bigint(11) unsigned NOT NULL AUTO_INCREMENT,
  `nom` varchar(255) NOT NULL,
  `nb_cases_x` bigint(11) unsigned NOT NULL DEFAULT '1',
  `nb_cases_y` bigint(11) unsigned NOT NULL DEFAULT '1',
  `chemin` varchar(255) NOT NULL,
  PRIMARY KEY (`id`),
  UNIQUE KEY `nom` (`nom`)
) ENGINE=InnoDB DEFAULT CHARSET=latin1 AUTO_INCREMENT=1 ;

--
-- Dumping data for table `sols`
--


-- --------------------------------------------------------

--
-- Table structure for table `sols_carte_edit`
--

DROP TABLE IF EXISTS `sols_carte_edit`;
CREATE TABLE IF NOT EXISTS `sols_carte_edit` (
  `id` bigint(11) unsigned NOT NULL AUTO_INCREMENT,
  `id_carte` bigint(11) unsigned NOT NULL DEFAULT '0',
  `id_sol` bigint(11) unsigned NOT NULL DEFAULT '0',
  `x` bigint(11) unsigned NOT NULL DEFAULT '1',
  `y` bigint(11) unsigned NOT NULL DEFAULT '1',
  PRIMARY KEY (`id`)
) ENGINE=InnoDB DEFAULT CHARSET=latin1 AUTO_INCREMENT=1 ;

--
-- Dumping data for table `sols_carte_edit`
--


-- --------------------------------------------------------

--
-- Table structure for table `stat_membre`
--

DROP TABLE IF EXISTS `stat_membre`;
CREATE TABLE IF NOT EXISTS `stat_membre` (
  `id` int(11) unsigned NOT NULL AUTO_INCREMENT,
  `idmembre` int(11) unsigned NOT NULL DEFAULT '0',
  `idhero` int(11) NOT NULL DEFAULT '0',
  `tues` smallint(5) unsigned NOT NULL DEFAULT '0',
  `morts` smallint(5) unsigned NOT NULL DEFAULT '0',
  `victoires` smallint(5) unsigned NOT NULL DEFAULT '0',
  `defaites` smallint(5) unsigned NOT NULL DEFAULT '0',
  PRIMARY KEY (`id`)
) ENGINE=MyISAM  DEFAULT CHARSET=latin1 AUTO_INCREMENT=3 ;

--
-- Dumping data for table `stat_membre`
--

INSERT INTO `stat_membre` (`id`, `idmembre`, `idhero`, `tues`, `morts`, `victoires`, `defaites`) VALUES
(1, 1, 15, 50, 12, 15, 1),
(2, 1, 56, 10, 1, 5, 0);

-- --------------------------------------------------------

--
-- Table structure for table `technologies`
--

DROP TABLE IF EXISTS `technologies`;
CREATE TABLE IF NOT EXISTS `technologies` (
  `technologieId` bigint(20) unsigned NOT NULL AUTO_INCREMENT,
  `technologieNom` varchar(50) NOT NULL DEFAULT 'ManqueNomTechnologie',
  `technologieDesc` text NOT NULL,
  PRIMARY KEY (`technologieId`)
) ENGINE=MyISAM DEFAULT CHARSET=latin1 AUTO_INCREMENT=1 ;

--
-- Dumping data for table `technologies`
--


-- --------------------------------------------------------

--
-- Table structure for table `temp`
--

DROP TABLE IF EXISTS `temp`;
CREATE TABLE IF NOT EXISTS `temp` (
  `id` bigint(20) unsigned NOT NULL AUTO_INCREMENT,
  `pseudo` varchar(50) DEFAULT 'Pseudo manquant',
  `password` varchar(40) DEFAULT 'mot de passe manquant',
  `email` varchar(50) DEFAULT 'email manquant',
  `adresse_ip` varchar(15) DEFAULT 'aaa.bbb.ccc.ddd',
  `date_inscription` date DEFAULT '0000-00-00',
  `date_suppression` date DEFAULT '0000-00-00',
  `checksum` varchar(40) DEFAULT 'cle activation',
  PRIMARY KEY (`id`),
  KEY `pseudo_index` (`pseudo`)
) ENGINE=InnoDB DEFAULT CHARSET=latin1 AUTO_INCREMENT=1 ;

--
-- Dumping data for table `temp`
--


-- --------------------------------------------------------

--
-- Table structure for table `temp_users`
--

DROP TABLE IF EXISTS `temp_users`;
CREATE TABLE IF NOT EXISTS `temp_users` (
  `id` int(11) unsigned NOT NULL AUTO_INCREMENT,
  `pseudo` varchar(50) NOT NULL DEFAULT '',
  `password` varchar(40) NOT NULL DEFAULT '',
  `mail` varchar(130) NOT NULL DEFAULT '',
  `checksum` varchar(32) NOT NULL DEFAULT '',
  `date_creation` bigint(20) unsigned NOT NULL DEFAULT '0',
  `date_suppression` bigint(20) unsigned NOT NULL DEFAULT '0',
  PRIMARY KEY (`id`),
  UNIQUE KEY `pseudo` (`pseudo`),
  UNIQUE KEY `mail` (`mail`),
  UNIQUE KEY `pseudo_2` (`pseudo`)
) ENGINE=MyISAM DEFAULT CHARSET=latin1 AUTO_INCREMENT=1 ;

--
-- Dumping data for table `temp_users`
--


-- --------------------------------------------------------

--
-- Table structure for table `terrains`
--

DROP TABLE IF EXISTS `terrains`;
CREATE TABLE IF NOT EXISTS `terrains` (
  `id` bigint(20) unsigned NOT NULL AUTO_INCREMENT,
  `nom` varchar(20) DEFAULT NULL,
  `description` varchar(250) DEFAULT NULL,
  `image` varchar(50) DEFAULT NULL,
  PRIMARY KEY (`id`)
) ENGINE=InnoDB DEFAULT CHARSET=latin1 AUTO_INCREMENT=1 ;

--
-- Dumping data for table `terrains`
--


-- --------------------------------------------------------

--
-- Table structure for table `test`
--

DROP TABLE IF EXISTS `test`;
CREATE TABLE IF NOT EXISTS `test` (
  `id` bigint(20) NOT NULL AUTO_INCREMENT,
  `pseudo` varchar(20) NOT NULL,
  `mail` varchar(20) NOT NULL,
  PRIMARY KEY (`id`),
  UNIQUE KEY `mail` (`mail`),
  UNIQUE KEY `pseudo` (`pseudo`)
) ENGINE=InnoDB  DEFAULT CHARSET=latin1 AUTO_INCREMENT=2 ;

--
-- Dumping data for table `test`
--

INSERT INTO `test` (`id`, `pseudo`, `mail`) VALUES
(1, 'toto', 'toto@toto.to');

-- --------------------------------------------------------

--
-- Table structure for table `toto`
--

DROP TABLE IF EXISTS `toto`;
CREATE TABLE IF NOT EXISTS `toto` (
  `id` bigint(20) NOT NULL AUTO_INCREMENT,
  `nom` varchar(50) NOT NULL,
  `prenom` varchar(50) NOT NULL,
  PRIMARY KEY (`id`)
) ENGINE=InnoDB DEFAULT CHARSET=latin1 AUTO_INCREMENT=1 ;

--
-- Dumping data for table `toto`
--


-- --------------------------------------------------------

--
-- Table structure for table `type`
--

DROP TABLE IF EXISTS `type`;
CREATE TABLE IF NOT EXISTS `type` (
  `id` bigint(20) NOT NULL AUTO_INCREMENT,
  `nom` varchar(50) NOT NULL,
  `description` text NOT NULL,
  PRIMARY KEY (`id`)
) ENGINE=InnoDB  DEFAULT CHARSET=latin1 AUTO_INCREMENT=6 ;

--
-- Dumping data for table `type`
--

INSERT INTO `type` (`id`, `nom`, `description`) VALUES
(1, 'arme', 'arme'),
(2, 'armure', 'armure'),
(3, 'fantassin', 'fantassin'),
(4, 'vehicule terrestre', 'v&eacute;hicule terrestre'),
(5, 'vehicule volant', 'v&eacute;hicule volant');

-- --------------------------------------------------------

--
-- Table structure for table `unites`
--

DROP TABLE IF EXISTS `unites`;
CREATE TABLE IF NOT EXISTS `unites` (
  `id` int(11) unsigned NOT NULL AUTO_INCREMENT,
  `nom` varchar(50) NOT NULL DEFAULT '',
  `description` text NOT NULL,
  `def_av` tinyint(4) unsigned NOT NULL DEFAULT '7' COMMENT 'valeur 7 == pas d''armure',
  `def_ar` tinyint(4) unsigned NOT NULL DEFAULT '7' COMMENT 'valeur 7 == pas d''armure',
  `def_g` tinyint(4) unsigned NOT NULL DEFAULT '7' COMMENT 'valeur 7 == pas d''armure',
  `def_d` tinyint(4) unsigned NOT NULL DEFAULT '7' COMMENT 'valeur 7 == pas d''armure',
  `mouvement` tinyint(3) unsigned NOT NULL COMMENT 'nombre de cases de deplacement',
  `capacite` int(5) unsigned NOT NULL COMMENT 'capacite de transport',
  `pilote` bigint(20) unsigned NOT NULL COMMENT 'id unite pilote',
  `co_pilote` bigint(20) unsigned NOT NULL COMMENT 'id unite co-pilote',
  `experience` bigint(20) unsigned NOT NULL,
  `att_g` bigint(20) unsigned NOT NULL COMMENT 'id arme gauche',
  `att_d` bigint(20) unsigned NOT NULL COMMENT 'id arme droite',
  `armure` bigint(20) unsigned NOT NULL DEFAULT '0',
  `coiffe` bigint(20) unsigned NOT NULL COMMENT 'id coiffe',
  `etendart` bigint(20) unsigned NOT NULL COMMENT 'id etendart',
  `toucher` tinyint(3) unsigned NOT NULL COMMENT 'pour etre touche',
  `initiative` tinyint(3) unsigned NOT NULL,
  `sauvegarde` tinyint(3) unsigned NOT NULL COMMENT 'valeur 7 == pas d''armure',
  `endurance` tinyint(3) unsigned NOT NULL,
  `cac` tinyint(3) unsigned NOT NULL,
  `fo` tinyint(3) unsigned NOT NULL,
  `attaque` tinyint(3) unsigned NOT NULL COMMENT 'nombre attaque par tour',
  `intell` tinyint(3) unsigned NOT NULL,
  `ty` bigint(20) NOT NULL DEFAULT '3' COMMENT 'id du type de l''unite',
  `idcamp` bigint(20) unsigned NOT NULL,
  `cout` tinyint(4) unsigned NOT NULL DEFAULT '0',
  `date_creation` datetime NOT NULL DEFAULT '0000-00-00 00:00:00',
  `chemin` text NOT NULL,
  `iddimension` bigint(20) NOT NULL DEFAULT '0',
  `aAttaqueCeTour` tinyint(1) NOT NULL DEFAULT '0',
  `sEstDeplaceCeTour` tinyint(1) NOT NULL DEFAULT '0',
  `aChargeCeTour` tinyint(1) NOT NULL DEFAULT '0',
  PRIMARY KEY (`id`),
  KEY `ty` (`ty`)
) ENGINE=MyISAM  DEFAULT CHARSET=latin1 AUTO_INCREMENT=6 ;

--
-- Dumping data for table `unites`
--

INSERT INTO `unites` (`id`, `nom`, `description`, `def_av`, `def_ar`, `def_g`, `def_d`, `mouvement`, `capacite`, `pilote`, `co_pilote`, `experience`, `att_g`, `att_d`, `armure`, `coiffe`, `etendart`, `toucher`, `initiative`, `sauvegarde`, `endurance`, `cac`, `fo`, `attaque`, `intell`, `ty`, `idcamp`, `cout`, `date_creation`, `chemin`, `iddimension`, `aAttaqueCeTour`, `sEstDeplaceCeTour`, `aChargeCeTour`) VALUES
(3, 'Space marine (test)', 'Space Marine de test pour les h?ros', 7, 7, 7, 7, 10, 0, 0, 0, 0, 1, 1, 2, 0, 0, 4, 4, 7, 4, 4, 4, 1, 6, 3, 1, 15, '0000-00-00 00:00:00', 'images/unites/infanterie.gif', 1, 0, 0, 0),
(4, 'Ork', 'Un Ork pour les test', 7, 7, 7, 7, 10, 0, 0, 0, 0, 1, 1, 2, 0, 0, 3, 2, 7, 4, 3, 3, 1, 2, 3, 3, 12, '0000-00-00 00:00:00', 'images/unites/infanterie.gif', 1, 0, 0, 0),
(5, 'Gretchin(test)', 'Gretchin(test)', 7, 7, 7, 7, 10, 0, 0, 0, 0, 1, 1, 2, 0, 0, 3, 2, 7, 3, 2, 3, 1, 2, 3, 7, 15, '0000-00-00 00:00:00', 'images/unites/infanterie.gif', 1, 0, 0, 0);

-- --------------------------------------------------------

--
-- Table structure for table `unites_joueur`
--

DROP TABLE IF EXISTS `unites_joueur`;
CREATE TABLE IF NOT EXISTS `unites_joueur` (
  `id` int(11) unsigned NOT NULL AUTO_INCREMENT,
  `idjoueur` bigint(20) unsigned NOT NULL DEFAULT '0',
  `nom` varchar(50) NOT NULL DEFAULT '',
  `description` text NOT NULL,
  `def_av` tinyint(4) unsigned NOT NULL,
  `def_ar` tinyint(4) unsigned NOT NULL,
  `def_g` tinyint(4) unsigned NOT NULL,
  `def_d` tinyint(4) unsigned NOT NULL,
  `mouvement` tinyint(3) unsigned NOT NULL COMMENT 'nombre de cases de deplacement',
  `experience` bigint(20) unsigned NOT NULL DEFAULT '0',
  `att_g` bigint(20) unsigned NOT NULL COMMENT 'id arme gauche',
  `att_d` bigint(20) unsigned NOT NULL COMMENT 'id arme droite',
  `armure` bigint(20) unsigned NOT NULL DEFAULT '0' COMMENT 'armure portee',
  `coiffe` bigint(20) unsigned NOT NULL COMMENT 'id coiffe',
  `etendart` bigint(20) unsigned NOT NULL COMMENT 'id etendart',
  `toucher` tinyint(3) unsigned NOT NULL,
  `initiative` tinyint(3) unsigned NOT NULL,
  `sauvegarde` tinyint(3) unsigned NOT NULL,
  `endurance` tinyint(3) unsigned NOT NULL,
  `cac` tinyint(3) unsigned NOT NULL,
  `fo` tinyint(3) unsigned NOT NULL,
  `attaque` tinyint(3) unsigned NOT NULL COMMENT 'nombre attaque par tour',
  `intell` tinyint(3) unsigned NOT NULL,
  `ty` bigint(20) NOT NULL DEFAULT '3' COMMENT 'Type de l''unite',
  `capacite` int(5) unsigned NOT NULL DEFAULT '0' COMMENT 'capacite de transport du vehicule',
  `pilote` bigint(20) unsigned NOT NULL DEFAULT '0' COMMENT 'Pilote du vehicule',
  `co_pilote` bigint(20) unsigned NOT NULL DEFAULT '0' COMMENT 'co_pilote du vehicule',
  `cout` tinyint(4) unsigned NOT NULL DEFAULT '0',
  `date_creation` datetime NOT NULL DEFAULT '0000-00-00 00:00:00',
  `idcase` bigint(20) unsigned NOT NULL,
  `idarmee` bigint(20) unsigned NOT NULL,
  `chemin` text NOT NULL,
  `iddimension` bigint(20) NOT NULL,
  `aAttaqueCetour` tinyint(1) NOT NULL DEFAULT '0',
  `sEstDeplaceCeTour` tinyint(1) NOT NULL DEFAULT '0',
  `aChargeCeTour` tinyint(1) NOT NULL DEFAULT '0',
  PRIMARY KEY (`id`),
  KEY `ty` (`ty`)
) ENGINE=InnoDB  DEFAULT CHARSET=latin1 AUTO_INCREMENT=156 ;

--
-- Dumping data for table `unites_joueur`
--

INSERT INTO `unites_joueur` (`id`, `idjoueur`, `nom`, `description`, `def_av`, `def_ar`, `def_g`, `def_d`, `mouvement`, `experience`, `att_g`, `att_d`, `armure`, `coiffe`, `etendart`, `toucher`, `initiative`, `sauvegarde`, `endurance`, `cac`, `fo`, `attaque`, `intell`, `ty`, `capacite`, `pilote`, `co_pilote`, `cout`, `date_creation`, `idcase`, `idarmee`, `chemin`, `iddimension`, `aAttaqueCetour`, `sEstDeplaceCeTour`, `aChargeCeTour`) VALUES
(33, 28, 'Space marine (test)', 'Space Marine de test pour les h&amp;#65533;ros', 7, 7, 7, 7, 10, 0, 46, 46, 45, 0, 0, 4, 4, 7, 4, 4, 4, 1, 6, 3, 0, 0, 0, 15, '2010-09-03 14:32:48', 0, 0, 'images/unites/infanterie.gif', 1, 0, 0, 0),
(34, 28, 'Space marine (test)', 'Space Marine de test pour les h&amp;#65533;ros', 7, 7, 7, 7, 10, 0, 48, 48, 47, 0, 0, 4, 4, 7, 4, 4, 4, 1, 6, 3, 0, 0, 0, 15, '2010-09-03 14:33:25', 0, 0, 'images/unites/infanterie.gif', 1, 0, 0, 0),
(35, 28, 'Space marine 3', 'Space Marine de test pour les h&amp;#65533;ros', 7, 7, 7, 7, 10, 0, 52, 312, 49, 0, 0, 4, 4, 7, 4, 4, 4, 1, 6, 3, 0, 0, 0, 15, '2010-09-03 14:34:02', 60, 0, 'images/unites/infanterie.gif', 1, 0, 0, 0),
(37, 28, 'Space marine 3', 'Space Marine de test pour les h&amp;#65533;ros', 7, 7, 7, 7, 10, 0, 60, 60, 54, 0, 0, 4, 4, 7, 4, 4, 4, 1, 6, 3, 0, 0, 0, 15, '2010-09-03 14:38:47', 665, 0, 'images/unites/infanterie.gif', 1, 0, 0, 0),
(155, 28, 'h?ros Ork', 'Un Ork pour les test', 7, 7, 7, 7, 10, 0, 309, 310, 311, 0, 0, 3, 2, 7, 4, 3, 3, 1, 2, 3, 0, 0, 0, 12, '2010-11-04 15:28:51', 468, 0, 'images/unites/infanterie.gif', 1, 0, 0, 0);

-- --------------------------------------------------------

--
-- Table structure for table `unite_type`
--

DROP TABLE IF EXISTS `unite_type`;
CREATE TABLE IF NOT EXISTS `unite_type` (
  `id` bigint(20) unsigned NOT NULL AUTO_INCREMENT,
  `nom` varchar(50) NOT NULL DEFAULT 'Type unite manquant',
  PRIMARY KEY (`id`)
) ENGINE=InnoDB  DEFAULT CHARSET=latin1 AUTO_INCREMENT=4 ;

--
-- Dumping data for table `unite_type`
--

INSERT INTO `unite_type` (`id`, `nom`) VALUES
(1, 'fantassin'),
(2, 'vehicule'),
(3, 'volant');

-- --------------------------------------------------------

--
-- Table structure for table `vehicules`
--

DROP TABLE IF EXISTS `vehicules`;
CREATE TABLE IF NOT EXISTS `vehicules` (
  `vehiculeId` bigint(20) unsigned NOT NULL AUTO_INCREMENT,
  `vehiculeNom` varchar(50) NOT NULL DEFAULT 'ManqueNomVehicule',
  `vehiculeDesc` text NOT NULL,
  `vehiculeType` enum('terrestre','marin','arien','amphibie') DEFAULT NULL,
  `vehiculeVie` smallint(5) NOT NULL DEFAULT '0',
  `vehiculeAttaque` smallint(5) NOT NULL DEFAULT '0',
  `vehiculeDefense` smallint(5) NOT NULL DEFAULT '0',
  `vehiculeDeplacement` bigint(20) NOT NULL DEFAULT '0',
  PRIMARY KEY (`vehiculeId`)
) ENGINE=MyISAM DEFAULT CHARSET=latin1 AUTO_INCREMENT=1 ;

--
-- Dumping data for table `vehicules`
--

